ApplicantID,CertificateCount
3,1
13,1
14,1
22,7
25,1
26,1
67,5
69,1
75,1
95,3
97,1
99,1
124,1
134,1
153,1
155,2
200,2
232,1
238,5
241,1
267,1
268,1
275,1
289,1
295,1
308,1
311,1
315,1
317,3
320,2
325,3
326,1
333,3
347,9
353,1
362,1
370,9
385,1
386,1
387,1
406,5
408,1
417,1
425,2
433,2
439,4
448,1
449,2
451,1
463,1
464,1
491,1
510,5
511,1
519,1
526,1
527,1
528,2
531,2
534,3
542,2
553,1
562,7
567,2
575,1
589,2
594,4
600,1
605,3
616,4
621,1
631,2
633,1
643,1
649,1
654,4
675,2
676,1
688,1
702,3
708,1
709,1
710,2
720,2
721,1
729,1
731,1
733,1
738,2
741,2
748,1
765,4
767,2
768,2
775,1
797,5
807,1
813,1
850,1
858,6
866,4
873,1
886,1
892,7
898,1
910,1
917,1
949,4
967,4
984,1
1021,2
1052,1
1053,1
1068,3
1069,2
1080,2
1101,1
1127,3
1131,1
1171,7
1175,1
1300,1
1305,3
1324,1
1340,1
1341,2
1379,1
1393,1
1419,1
1455,4
1464,1
1480,1
1502,6
1528,2
1535,1
1557,1
1566,1
1567,1
1599,1
1619,2
1649,1
1679,1
1680,1
1707,1
1730,5
1802,2
1806,7
1847,2
1861,1
1873,4
1882,7
1898,3
1908,1
1950,1
1952,4
1958,1
1973,2
1987,2
1998,1
2004,1
2016,1
2022,1
2024,1
2033,2
2054,1
2066,1
2078,1
2090,2
2104,1
2111,1
2117,3
2121,6
2122,2
2123,3
2128,2
2147,1
2154,1
2156,3
2159,2
2164,2
2174,1
2209,1
2212,1
2214,2
2221,2
2222,1
2225,1
2237,1
2245,3
2253,5
3280,1
3289,1
3315,1
3330,5
3340,1
3341,1
3344,1
3355,1
3358,1
3361,2
3367,2
3382,10
3385,1
3386,3
3387,3
3394,1
3404,1
3414,2
3427,1
3438,1
3449,1
3456,4
3475,1
3476,1
3490,3
3491,1
3492,1
3498,2
3502,1
3536,7
3567,1
3600,1
3612,5
3648,2
3662,1
3668,1
3671,1
3691,5
3726,1
3734,2
3747,2
3757,1
3762,1
3767,1
3776,1
3784,5
3789,1
3795,1
3846,1
3875,1
3888,2
3902,2
3905,1
3914,1
3936,2
3979,1
3983,1
3986,2
4013,1
4021,3
4032,3
4054,2
4080,1
4084,1
4096,4
4112,1
4113,1
4151,2
4154,1
4156,1
4168,1
4172,1
4174,3
4177,1
4182,2
4189,2
4196,1
4201,2
4234,1
4277,1
4279,1
4316,3
4325,2
4350,1
4357,2
4397,1
4400,1
4416,1
4425,1
4428,1
4446,1
4449,1
4453,1
4455,2
4459,1
4460,1
4471,3
4478,1
4480,1
4484,1
4489,4
4493,1
4502,1
4520,1
4521,1
4532,1
4551,2
4569,7
4641,1
4650,1
4689,1
4690,1
4702,1
4713,1
4723,1
4738,1
4754,2
4775,1
4776,1
4785,6
4789,4
4803,1
4807,3
4830,2
4831,1
4870,1
4895,1
4898,2
4907,2
4922,1
4940,1
4941,1
4958,1
4969,1
4993,5
5121,1
5173,1
5177,2
5178,1
5206,1
5232,2
5250,3
5259,2
5260,1
5284,3
5295,3
5301,1
5312,2
5321,1
5325,1
5326,1
5331,1
5332,3
5333,1
5334,1
5337,1
5344,4
5347,4
5352,2
5362,1
5363,3
5365,1
5366,5
5381,1
5406,5
5436,2
5448,1
5480,1
5485,1
5513,1
5536,1
5556,1
5571,2
5584,6
5606,2
5611,2
5615,1
5636,1
5653,1
5671,1
5680,1
5695,1
5722,3
5728,1
5736,5
5756,1
5760,1
5788,2
5802,2
5814,1
5831,2
5844,3
5860,3
5867,1
5892,5
5905,2
5937,1
5939,4
5943,3
5947,1
5996,2
6001,1
6055,1
6062,1
6071,1
6072,2
6073,1
6079,1
6090,1
6097,6
6102,2
6118,1
6125,1
6129,1
6138,1
6144,1
6171,1
6197,2
6210,1
6225,3
6227,1
6230,1
6234,1
6236,1
6267,4
6269,2
6281,3
6285,1
6287,5
6289,1
6313,1
6314,1
6315,3
6316,1
6318,2
6328,1
6330,1
6332,4
6338,1
6341,1
6346,1
6347,2
6353,1
6378,1
6387,3
6391,1
6402,1
6403,1
6417,1
6418,1
6419,1
6450,1
6451,2
6482,1
6494,1
6502,1
6503,1
6510,4
6524,1
6529,1
6532,1
6549,2
6570,1
6580,1
6599,1
6604,1
6661,1
6664,1
6668,1
6678,1
6706,1
6709,1
6712,1
6759,1
6788,2
6798,1
6801,7
6803,1
6807,2
6813,1
6829,1
6835,1
6838,7
6848,3
6859,1
6864,1
6884,1
6893,1
6909,1
6922,1
6938,2
6956,2
6976,4
6980,1
6996,1
7002,2
7022,1
7026,2
7027,1
7060,2
7070,1
7081,1
7083,2
7088,1
7100,3
7118,1
7132,1
7144,1
7149,1
7162,1
7184,1
7217,1
7418,1
7439,1
7452,1
7513,1
7520,1
7528,1
7530,2
7571,1
7591,4
7648,3
7663,1
7665,1
7688,1
7698,1
7700,1
7711,2
7713,1
7718,1
7721,1
7722,6
7745,1
7758,2
7773,2
7782,1
7797,1
7810,1
7815,1
7829,2
7838,5
7858,2
7866,4
7876,1
7881,1
7899,1
7952,3
7976,1
7990,3
7993,1
8008,1
8023,3
8024,1
8027,2
8028,2
8039,1
8043,7
8046,1
8069,1
8072,7
8091,1
8109,2
8111,4
8117,1
8123,1
8129,4
8132,3
8144,3
8145,1
8153,1
8154,2
8161,1
8173,1
8196,1
8199,2
8247,1
8250,3
8264,2
8279,1
8280,1
8292,3
8335,1
8345,1
8346,1
8348,1
8350,2
8389,1
8397,1
8400,1
8442,3
8480,3
8487,1
8496,1
8498,4
8518,1
8539,3
8564,3
8578,1
8594,1
8629,1
8652,1
8675,3
8687,1
8728,2
8803,2
8811,1
8815,4
8850,1
8863,2
8885,1
8902,2
8923,2
8931,1
8941,2
8948,1
8950,1
8959,3
8990,3
8992,1
9004,1
9011,1
9015,1
9017,1
9046,1
9048,1
9049,1
9058,5
9061,1
9083,1
9085,1
9089,3
9105,1
9129,1
9133,1
9134,2
9143,7
9147,1
9153,3
9161,1
9180,2
9182,1
9183,4
9189,1
9193,3
9197,1
9225,1
9232,1
9234,1
9241,5
9252,2
9254,3
9257,1
9272,2
9287,4
9330,2
9385,4
9393,7
9431,21
9436,1
9437,1
9449,1
9465,1
9490,1
9531,3
9542,2
9565,2
9571,1
9576,3
9599,3
9616,1
9625,1
9631,2
9668,1
9671,2
9684,1
9691,1
9696,1
9713,1
9737,1
9751,4
9780,1
9790,1
9805,1
9830,2
9840,1
9843,1
9846,3
9870,1
9873,1
9885,3
9911,1
9946,1
9985,1
10061,1
10102,1
10138,1
10139,2
10146,3
10174,1
10183,1
10244,1
10280,1
10295,1
10299,1
10301,1
10305,10
10327,3
10336,1
10342,1
10379,1
10382,1
10501,1
10517,1
10602,3
10685,1
10692,7
10717,2
10718,4
10721,1
10762,3
10769,3
10787,2
10919,2
10975,1
11019,1
11077,2
11095,1
11111,2
11113,5
11143,1
11175,1
11204,1
11235,1
11251,2
11263,1
11272,2
11326,1
11398,1
11399,1
11409,1
11446,1
11501,2
11562,1
11580,1
11597,1
11617,2
11657,2
11665,1
11680,1
11695,1
11698,1
11730,1
11734,2
11755,3
11772,1
11795,1
11801,1
11839,4
11842,1
11857,1
11909,3
11915,1
11921,1
11974,4
11976,2
12009,4
12019,1
12026,2
12045,1
12057,3
12081,1
12101,1
12116,4
12118,2
12123,1
12138,1
12148,2
12150,1
12158,2
12166,6
12181,6
12196,3
12216,1
12235,1
12241,1
12250,1
12256,1
12266,3
12269,1
12273,2
12281,1
12302,1
12318,4
12327,5
12334,2
12341,4
12346,1
12347,1
12349,3
12350,1
12356,3
12362,1
12374,1
12388,2
12451,2
12455,2
12464,1
12512,3
12514,3
12556,4
12581,1
12612,1
12613,3
12625,1
12641,2
12709,2
12715,1
12742,1
12768,2
12769,7
12815,1
12860,5
12891,1
12895,3
12906,1
12910,2
12929,3
12971,1
12977,1
12981,1
12993,4
12999,2
13009,1
13011,9
13025,2
13055,1
13056,3
13067,1
13082,2
13113,2
13119,1
13127,2
13157,1
13183,2
13190,1
13226,1
14227,1
14228,1
14231,1
14237,1
14252,1
14263,1
14279,1
14305,3
14317,1
14322,3
14330,1
15332,1
15370,2
15382,3
15394,2
15396,2
16396,1
16409,4
16410,3
16411,1
16415,1
16417,2
16422,1
16427,1
16428,1
16442,11
16451,1
16459,1
16462,1
16473,3
16474,1
16486,1
16490,1
16496,1
16497,1
16500,5
16502,1
16508,1
16520,1
16522,4
16523,2
16530,2
16542,2
16545,8
16549,1
16555,1
16561,1
16562,1
16568,1
16577,1
16582,1
16590,1
16591,6
16592,1
16595,5
16596,5
16598,1
16607,1
16614,3
16615,1
16620,1
16624,1
16625,1
16629,1
16632,1
16637,1
16639,1
16641,1
16642,1
16643,1
16650,1
16658,3
16683,1
16692,1
16698,1
16708,1
16715,12
16733,4
16748,2
16753,1
16764,1
16768,3
16770,4
16782,1
16783,1
16797,1
16806,1
16810,1
16811,3
16820,1
16824,2
16850,4
16853,1
16854,1
16867,1
16870,3
16874,1
16878,2
16880,3
16888,1
16900,1
16922,1
16930,1
16939,1
16958,1
16971,1
16986,1
17002,1
17016,1
17019,1
17022,1
17028,1
17043,5
17072,4
17082,3
17087,1
17091,1
17098,1
17111,1
17124,2
17131,1
17141,1
17144,3
17164,1
17165,1
17170,1
17172,5
17177,3
17188,1
17197,1
17203,2
17207,1
17214,4
17244,1
17249,1
17253,1
17261,3
17275,1
17283,1
17307,2
17309,1
17315,4
17318,3
17322,1
17326,1
18305,1
18323,1
18335,1
18369,1
18377,1
18379,1
18380,2
18390,1
18391,1
18396,3
18400,1
18404,2
18409,5
18416,1
18417,1
18424,2
18433,1
18437,1
18456,1
18460,6
18462,2
18516,2
18525,3
18553,1
18564,1
18567,1
18581,1
18589,2
18590,1
18594,4
18603,1
18607,2
18613,10
18615,2
18617,3
18624,1
18627,7
18632,2
18644,1
18661,2
18664,1
18681,4
18684,3
18689,1
18696,1
18700,2
18701,1
18706,1
18712,1
18716,1
18719,1
18721,3
18743,1
18760,1
18774,1
18782,1
18795,1
18822,1
18860,1
18881,4
18886,1
18903,1
18909,2
18918,4
18920,1
18958,1
18972,1
18978,2
18992,1
19032,1
19034,1
19035,2
19037,1
19049,1
19050,1
19054,1
19059,3
19065,1
19075,2
19081,2
19088,1
19089,2
19090,3
19091,1
19094,3
19098,1
19126,1
19167,1
19173,4
19176,2
19179,1
19192,3
19220,3
19228,4
19247,1
19269,1
19283,4
19306,2
19313,6
19336,1
19350,1
19357,1
19366,2
19379,1
19386,1
19387,1
19388,2
19405,1
19438,1
19440,1
19478,1
19484,1
19491,3
19497,1
19507,1
19512,2
19516,2
19519,3
19527,1
19528,1
19540,1
19542,1
19547,1
19550,1
19552,1
19559,2
19577,1
19590,2
19591,2
19594,1
19607,3
19648,2
19651,1
19662,1
19670,4
19680,1
19684,1
19687,1
19691,2
19708,2
19717,2
19728,2
19731,2
19733,1
19748,2
19751,2
19760,1
19762,2
19768,1
19772,1
19782,2
19783,1
19790,1
19796,1
19806,2
19810,1
19822,3
19831,1
19833,1
19835,1
19843,1
19846,1
19847,2
19854,1
19855,1
19862,1
19866,2
19870,1
19871,2
19878,7
19879,4
19882,2
19891,2
19905,1
19934,5
19936,1
19943,1
19963,1
19966,2
19974,1
19979,1
19980,1
19993,1
19995,1
19999,2
20001,2
20002,1
20019,1
20026,1
20032,8
20039,1
20045,1
20059,1
20068,1
20077,1
20081,1
20089,1
20105,1
20108,1
20115,2
20119,1
20124,1
20125,1
20135,1
20137,2
20140,1
20147,2
20149,2
20157,3
20160,10
20170,2
20173,2
20189,2
20195,1
20203,1
20206,5
20211,2
20212,1
20214,2
20221,2
20236,1
20238,1
20245,1
20250,1
20262,3
20267,1
20268,1
20279,1
20284,2
20301,2
20314,1
20347,1
20348,1
20351,1
20364,2
20374,1
20381,1
20393,1
20405,1
20414,2
20416,1
20418,6
20425,1
20432,1
20433,3
20437,2
20438,1
20444,2
20454,3
20455,2
20457,1
20458,1
20461,1
20466,1
20467,1
20480,1
20488,1
20490,1
20491,1
20496,1
20524,1
20528,1
20538,1
20558,2
20564,1
20565,2
20572,3
20577,1
20580,1
20582,2
20584,1
20594,1
20597,1
20600,2
20618,3
20655,1
20667,1
20694,5
20751,1
20757,1
20758,1
20761,1
20768,1
20774,3
20779,2
20798,1
20809,1
20814,2
20819,2
20825,1
20832,1
20835,1
20856,1
20859,1
20863,1
20866,1
20870,3
20878,3
20885,4
20893,1
20897,6
20902,1
20903,1
20909,1
20913,2
20926,1
20940,4
20941,1
20969,1
20996,1
21002,1
21003,1
21026,1
21044,1
21048,1
21059,8
21072,3
21075,4
21089,1
21102,5
21110,1
21118,1
21133,1
21162,1
21177,1
21184,3
21187,1
21191,1
21200,2
21213,2
21218,1
21231,2
21253,1
21268,2
21273,1
21275,3
21291,1
21295,1
21297,1
21324,1
21334,7
21355,1
21453,1
21502,1
21503,1
21505,1
21511,1
21518,2
21526,1
21543,5
21552,1
21557,1
21563,4
21571,1
21575,1
21576,2
21588,4
21598,1
21605,2
21613,1
21614,1
21647,7
21649,1
21651,1
21652,1
21655,1
21664,1
21668,1
21671,1
21674,1
21679,3
21702,1
21707,1
21709,1
21719,1
21727,1
21737,1
21740,1
21741,1
21747,1
21762,2
21786,2
21791,1
21815,3
21817,2
21818,1
21831,1
21834,1
21835,1
21836,2
21854,1
21864,2
21872,2
21888,2
21904,1
21906,2
21908,2
21910,1
21928,4
21946,1
21950,1
21955,2
21974,1
21975,3
21998,5
22003,1
22004,6
22005,2
22011,1
22014,3
22016,1
22033,1
22036,4
22046,3
22054,1
22060,1
22071,1
22095,2
22104,1
22110,4
22125,1
22128,1
22134,1
22146,4
22160,1
22174,1
22178,1
22182,1
22184,1
22186,1
22209,1
22210,1
22223,1
22237,2
22239,1
22243,1
22260,1
22274,1
22309,1
22317,1
22322,2
22326,1
22327,10
22328,5
22329,1
22332,1
22333,2
22365,1
22370,1
22371,6
22377,1
22384,2
22393,1
22398,2
22400,1
22416,1
22420,1
22424,1
22430,2
22453,1
22461,2
22476,9
22484,1
22489,2
22492,1
22499,2
22505,1
22517,4
22518,1
22523,1
22524,1
22529,2
22538,1
22542,1
22550,1
22566,1
22586,1
22587,1
22599,1
22603,1
22604,2
22638,1
22694,3
22719,1
22735,1
22775,1
22794,4
22821,1
22852,1
22855,3
22861,1
22881,1
22883,1
22886,5
22887,1
22909,3
22915,1
22973,1
23028,1
23060,1
23080,4
23190,2
23221,1
23251,1
23253,1
23256,1
23277,2
23309,1
23367,3
23368,3
23372,2
23410,2
23413,2
23439,1
23443,1
23455,1
23470,1
23490,1
23491,3
23496,1
23524,3
23553,3
23556,1
23605,4
23613,1
23615,1
23620,1
23626,3
23630,1
23633,1
23635,2
23643,3
23644,1
23659,2
23670,3
23674,3
23684,4
23687,1
23700,2
23736,2
23750,1
23777,5
23779,8
23780,3
23784,1
23787,1
23794,1
23798,1
23799,1
23807,2
23810,1
23815,2
23816,1
23825,1
23832,1
23837,1
23840,1
23850,1
23853,3
23854,8
23855,1
23857,2
23866,1
23869,1
23877,1
23890,3
23894,1
23898,3
23919,1
23920,1
23922,3
23946,2
24048,1
24066,1
24131,1
24166,1
24171,2
24174,1
24204,1
24207,1
24210,1
24225,4
24300,1
24332,1
24348,1
24382,5
24408,1
24417,1
24420,1
24429,1
24437,3
24480,1
24486,1
24487,1
24499,1
24517,1
24541,1
24611,3
24619,1
24620,4
24641,2
24643,6
24668,1
24682,1
24685,1
24714,1
24738,1
24787,1
24794,1
24805,2
24853,1
24886,1
24900,2
24931,1
24952,3
24965,1
24979,1
24983,1
24988,2
25010,1
25029,1
25045,1
25048,1
25059,1
25067,2
25069,2
25086,20
25089,2
25133,1
25171,1
25196,1
25198,1
25217,1
25248,1
25253,3
25267,1
25303,1
25310,2
25312,1
25319,1
25341,9
25342,1
25345,2
25390,1
25432,5
25439,3
25440,4
25484,2
25501,6
25505,1
25515,1
25550,6
25562,1
25572,3
25578,1
25613,2
25630,4
25648,1
25670,1
25673,3
25675,1
25693,1
25704,6
25706,1
25778,1
25811,1
25812,1
25840,2
25845,1
25853,8
25854,6
25871,4
25904,1
25912,1
25913,1
25918,1
25926,1
25932,3
25934,1
25963,1
25964,2
25977,3
26001,1
26004,1
26007,1
26008,4
26014,2
26017,1
26036,1
26051,3
26068,1
26069,2
26075,1
26093,1
26101,2
26120,3
26123,1
26131,1
26133,1
26150,1
26156,1
26162,1
26164,5
26168,5
26169,5
26172,3
26176,1
26184,5
26188,7
26202,5
26207,3
26208,1
26212,4
26220,1
26237,1
26259,1
26262,4
26263,1
26272,3
26280,4
26297,2
26318,1
26320,1
26323,4
26335,1
26359,1
26365,1
26374,5
26375,1
26376,1
26377,1
26381,3
26382,1
26387,1
26389,2
26390,1
26398,1
26401,1
26402,1
26410,1
26412,1
26413,1
26417,1
26419,1
26422,1
26426,2
26436,1
26440,1
26445,2
26446,1
26463,4
26471,4
26473,2
26480,1
26489,3
26496,1
26516,3
26517,1
26530,1
26545,1
26547,1
26550,1
26554,7
26555,3
26556,2
26557,1
26561,1
26570,1
26579,1
26585,4
26586,1
26590,4
26594,1
26599,6
26600,5
26604,2
26615,1
26619,1
26635,1
26639,2
26649,3
26652,1
26662,2
26677,1
26679,1
26696,4
26700,2
26708,1
26711,1
26721,1
26731,1
26737,1
26739,1
26744,2
26762,1
26768,1
26772,1
26773,3
26778,6
26786,1
26790,1
26810,1
26818,1
26824,1
26829,4
26833,3
26835,2
26842,2
26849,1
26862,1
26876,1
26886,1
26899,1
26913,3
26932,2
26940,1
26945,5
26974,1
26993,2
27029,1
27030,2
27035,1
27047,1
27052,1
27060,1
27070,1
27072,1
27074,1
27080,1
27087,2
27090,5
27092,1
27095,1
27097,2
27100,4
27101,2
27107,1
27110,1
27120,2
27121,3
27146,1
27149,1
27151,2
27178,1
27179,1
27180,1
27185,1
27203,1
27213,2
27236,2
27246,1
27247,1
27285,1
27286,1
27293,2
27296,1
27299,1
27317,1
27322,5
27349,1
27374,1
27385,1
27393,2
27396,1
27400,1
27412,6
27422,2
27426,2
27432,2
27433,1
27447,2
27449,3
27460,1
27464,2
27465,4
27476,1
27490,1
27494,1
27507,1
27508,5
27515,3
27518,1
27520,1
27549,1
27550,1
27552,1
27561,1
27562,2
27564,1
27580,1
27588,2
27593,3
27600,1
27602,1
27605,1
27607,1
27608,2
27609,3
27619,1
27622,1
27627,2
27638,2
27644,1
27664,1
27666,1
27669,3
27671,1
27677,1
27679,1
27682,1
27685,1
27696,4
27702,1
27708,1
27715,1
27723,1
27724,1
27730,8
27747,1
27752,1
27759,1
27764,1
27783,1
27787,1
27791,1
27829,1
27837,1
27849,1
27861,1
27862,2
27876,2
27882,4
27883,1
27885,4
27889,1
27917,4
27926,1
27940,1
27945,1
27948,2
27965,2
27967,9
27973,5
27988,1
27993,1
27997,1
28018,2
28022,1
28030,4
28062,1
28080,1
28081,3
28098,1
28106,1
28110,2
28125,3
28152,2
28154,1
28167,1
28171,1
28181,5
28184,1
28197,1
28218,1
28234,1
28246,1
28258,4
28262,1
28275,4
28277,1
28286,1
28297,1
28305,3
28318,1
28323,1
28334,2
28348,1
28349,1
28351,4
28352,1
28371,6
28379,1
28384,13
28389,3
28390,2
28400,2
28408,2
28424,1
28440,1
28449,1
28452,1
28459,1
28464,1
28471,1
28473,1
28477,9
28485,1
28487,6
28491,3
28496,1
28522,1
28533,5
28537,5
28539,8
28542,1
28544,2
28549,1
28552,3
28558,4
28559,1
28568,1
28575,1
28576,1
28602,1
28603,1
28614,1
28615,1
28616,1
28625,1
28626,1
28635,2
28644,1
28661,1
28684,1
28692,2
28709,1
28710,1
28716,2
28782,1
28790,1
28794,1
28795,1
28808,1
28821,1
28862,4
28870,1
28872,1
28879,1
28882,1
28884,1
28892,1
28904,1
28951,3
28954,1
28958,2
28962,2
28964,2
28968,4
28982,1
28983,1
28984,1
28989,1
28990,4
28993,2
29000,1
29005,1
29014,1
29015,1
29029,1
29056,1
29073,2
29078,1
29081,1
29096,2
29099,2
29102,1
29104,1
29111,1
29117,1
29130,9
29147,1
29148,2
29152,1
29181,1
29190,2
29194,1
29196,3
29198,2
29205,2
29209,1
29225,5
29232,1
29234,4
29239,3
29240,2
29250,1
29254,1
29268,1
29279,2
29280,1
29290,2
29293,1
29301,1
29302,1
29303,1
29305,1
29317,3
29337,4
29338,1
29341,1
29342,2
29348,4
29365,1
29367,5
29381,1
29382,1
29412,1
29418,1
29425,1
29432,3
29434,2
29445,2
29448,3
29449,1
29450,3
29451,2
29457,2
29458,1
29464,1
29472,1
29493,1
29496,2
29507,1
29518,1
29521,1
29523,1
29539,1
29542,2
29546,2
29549,1
29552,1
29561,1
29565,2
29574,1
29577,1
29581,2
29591,2
29595,1
29597,3
29602,1
29617,4
29620,1
29626,2
29634,1
29641,2
29642,1
29648,1
29650,1
29657,2
29663,1
29664,1
29671,1
29684,1
29686,1
29689,2
29696,1
29697,1
29700,4
29703,1
29706,1
29720,1
29731,2
29735,2
29749,3
29751,1
29766,1
29769,1
29774,4
29779,3
29781,2
29784,1
29785,1
29788,4
29792,1
29798,1
29803,1
29808,1
29816,1
29817,1
29820,1
29821,3
29823,3
29824,4
29832,1
29838,1
29842,1
29844,1
29848,1
29853,6
29864,1
29876,1
29899,2
29911,4
29919,1
29923,1
29935,1
29936,2
29942,4
29955,3
29960,1
29974,2
29975,1
29986,4
29999,1
30005,1
30013,1
30014,2
30016,3
30025,4
30028,1
30035,1
30039,1
30046,2
30054,1
30057,1
30059,1
30060,5
30065,3
30066,2
30068,1
30085,5
30086,1
30087,3
30093,1
30101,1
30104,2
30107,2
30108,4
30117,1
30118,2
30136,1
30140,1
30141,1
30166,1
30172,1
30182,3
30206,2
30207,1
30213,1
30215,1
30217,5
30218,2
30229,2
30234,1
30251,1
30267,1
30273,1
30276,1
30285,1
30293,2
30312,2
30315,3
30322,1
30327,3
30332,1
30338,1
30343,1
30351,2
30352,2
30353,1
30357,1
30370,1
30372,1
30374,2
30375,1
30381,2
30392,1
30393,1
30401,1
30404,2
30416,1
30423,1
30424,3
30428,1
30430,1
30439,1
30443,1
30459,2
30465,1
30467,5
30471,1
30477,1
30478,2
30479,1
30482,1
30488,1
30502,1
30506,1
30516,1
30520,1
30536,1
30542,4
30544,2
30549,1
30573,5
30586,1
30589,2
30595,1
30597,1
30604,1
30605,1
30616,1
30618,1
30631,2
30655,1
30665,1
30680,3
30685,1
30690,4
30693,1
30704,1
30710,1
30722,1
30724,1
30726,1
30737,3
30739,1
30744,1
30747,5
30749,1
30751,1
30753,4
30769,1
30796,1
30804,1
30807,1
30808,4
30813,1
30814,3
30815,1
30817,1
30831,2
30832,2
30839,1
30843,2
30846,1
30866,2
30872,3
30875,2
30878,4
30882,2
30889,1
30890,3
30893,2
30896,5
30897,1
30909,1
30921,1
30923,2
30925,3
30927,3
30929,3
30958,1
30960,2
30970,1
30972,4
30978,7
30984,2
30995,1
31003,1
31006,1
31008,2
31009,2
31014,1
31024,2
31026,2
31028,1
31029,1
31030,1
31031,1
31046,1
31047,3
31049,6
31061,1
31065,1
31075,3
31085,1
31100,3
31112,1
31139,5
31145,1
31153,1
31183,1
31186,1
31188,5
31192,2
31236,1
31250,1
31292,1
31297,14
31308,1
31312,1
31321,1
31322,2
31334,1
31340,1
31345,2
31362,1
31377,5
31379,4
31391,1
31409,2
31410,1
31424,1
31437,1
31440,2
31441,1
31469,1
31472,1
31487,4
31512,1
31534,1
31537,2
31539,1
31542,1
31564,1
31566,2
31567,1
31574,3
31587,1
31592,1
31604,1
31607,2
31620,1
31648,1
31674,1
31698,1
31709,1
31717,1
31743,1
31767,1
31810,1
31817,4
31861,1
31871,1
31878,2
31880,1
31881,2
31891,1
31894,1
31901,1
31907,1
31908,1
31916,1
31925,1
31930,1
31931,7
31936,1
31943,2
31958,3
31965,1
32001,2
32014,5
32072,2
32078,2
32088,1
32095,2
33123,1
33134,1
33135,7
33148,1
33158,1
33173,1
33191,1
33196,1
33198,3
33199,1
33200,1
33201,2
33204,1
33210,1
33212,2
33214,2
33216,1
33217,2
33228,1
33236,2
33237,2
33239,7
33244,10
33248,6
33251,1
33262,2
33298,1
33305,1
33306,1
33310,1
33312,3
33316,2
33339,2
33340,1
33359,1
33361,1
33362,3
33364,1
33367,4
33380,1
33389,1
33391,1
33398,2
33404,1
33405,4
33406,1
33408,1
33409,1
33410,3
33411,1
33412,5
33415,1
33435,4
33453,1
33459,1
33460,1
33472,2
33474,1
33481,6
33482,6
33484,4
33490,2
33492,2
33508,3
33518,1
33527,2
33528,1
33530,1
33531,1
33533,1
33536,5
33541,1
33548,1
33554,1
33565,1
33575,1
33578,2
33588,1
33590,1
33603,2
33610,1
33612,2
33631,2
33659,1
33663,3
33664,1
33666,1
33671,4
33688,1
33702,1
33706,2
33709,2
33717,1
33737,1
33740,1
33757,2
33771,1
33779,1
33808,2
33816,12
33826,3
33831,1
33833,1
33840,1
33842,4
33843,5
33855,1
33868,1
33873,1
33875,1
33876,1
33877,3
33880,1
33882,2
33889,1
33895,2
33903,4
33908,1
33909,5
33911,1
33912,1
33913,2
33914,3
33915,2
33921,1
33928,1
33929,1
33930,1
33931,1
33936,1
33939,1
33943,5
33945,1
33951,2
34957,5
34961,4
34968,5
34975,2
34982,1
34985,3
34986,2
34995,4
35018,2
35030,1
35060,1
35072,2
35078,1
35079,2
35080,3
35082,4
35109,1
35146,3
35149,1
35154,3
35159,1
35160,1
35161,1
35171,1
35172,1
35178,1
35186,2
35187,1
35188,1
35193,1
35213,1
35219,2
35227,2
35233,1
35235,2
35244,1
35258,1
35277,3
35284,1
35305,4
35332,1
35366,7
35401,2
35402,2
35406,2
35425,1
35435,5
35455,5
35456,1
35460,1
35467,2
35468,2
35471,2
35472,1
35485,2
35490,3
35500,1
35510,2
35514,3
35516,1
35519,23
35521,2
35526,2
35528,1
35547,1
35558,3
35562,1
35567,2
35586,2
35593,1
35598,1
35602,3
35604,4
35605,8
35609,1
35610,1
35623,1
35626,1
35638,1
35654,1
35656,6
35660,2
35671,1
35684,2
35685,2
35687,2
35698,3
35704,1
35706,1
35715,2
35717,3
35723,3
35728,3
35757,1
35766,2
35777,1
35778,1
35791,1
35792,1
35820,1
35823,1
35825,1
35847,2
35855,2
35863,2
35865,1
35871,1
35876,2
35882,1
35898,2
35906,1
35909,1
35911,2
35920,1
35921,2
35925,5
35931,1
35945,1
35949,1
35951,1
35952,1
35955,1
35956,1
35959,1
35960,1
35966,1
35967,2
35969,1
35972,1
35975,4
35979,2
35987,1
35994,3
35995,3
35998,1
35999,1
36001,2
36007,3
36011,1
36027,1
36065,1
36069,4
36080,1
36082,1
36085,1
36086,2
36100,1
36103,1
36118,1
36122,5
36124,1
36135,1
36136,1
36137,1
36141,1
36147,2
36148,1
36153,1
36165,1
36171,3
36174,1
36176,1
36184,2
36188,2
36189,1
36191,1
36203,1
36213,2
36223,4
36233,5
36234,1
36243,1
36248,4
36263,1
36272,1
36273,4
36277,3
36278,1
36294,1
36300,1
36302,1
36340,5
36342,1
36344,3
36345,1
36348,1
36359,2
36363,5
36366,1
36368,1
36377,1
36386,1
36393,2
36398,1
36405,2
36408,1
36413,1
36429,1
36434,1
36440,2
36444,1
36455,2
36458,4
36460,3
36468,1
36470,1
36483,3
36524,1
36525,3
36527,1
36530,2
36534,1
36537,1
36538,1
36543,1
36545,1
36553,2
36554,1
36562,3
36563,1
36564,2
36565,2
36567,2
36568,1
36570,1
36574,5
36576,1
36585,1
36588,1
36600,3
36611,1
36612,1
36620,1
36621,1
36630,5
36641,7
36642,1
36644,1
36646,1
36648,1
36652,1
36666,2
36669,3
36670,2
36671,1
36672,4
36679,1
36682,3
36683,4
36691,1
36692,1
36694,2
36721,1
36725,1
36733,1
36745,1
36753,2
36762,1
36763,1
36770,7
36773,1
36775,2
36778,4
36780,3
36782,1
36797,1
36798,1
36807,3
36808,1
36811,1
36819,1
36820,3
36823,1
36824,6
36828,2
36833,1
36837,1
36838,6
36841,8
36843,3
36847,1
36849,1
36851,2
36853,3
36861,1
36864,4
36873,1
36874,1
36876,2
36880,1
36881,1
36889,2
36891,1
36894,1
36898,1
36900,4
36906,2
36910,1
36915,1
36926,3
36928,1
36946,1
36948,1
36956,1
36971,2
36973,1
36975,4
36981,2
36990,2
36996,5
37000,1
37005,1
37011,1
37013,1
37015,3
37041,1
37043,1
37047,1
37049,2
37056,3
37060,2
37073,1
37121,1
37135,1
37137,1
37156,3
37170,1
37171,1
37172,1
37178,2
37182,1
37187,3
37188,2
37193,3
37210,1
37211,4
37214,1
37232,1
37239,5
37240,2
37241,1
37244,1
37246,2
37264,2
37270,1
37272,1
37275,1
37280,5
37283,1
37284,3
37292,1
37303,5
37311,1
37333,1
37343,1
37351,1
37359,2
37360,1
37368,2
37371,3
37372,1
37373,1
37377,1
37392,1
37402,1
37416,1
37426,1
37442,1
37451,3
37460,2
37471,1
37478,1
37480,1
37489,1
37490,2
37505,1
37514,1
37515,3
37518,12
37522,2
37529,1
37530,1
37534,1
37555,2
37563,2
37567,1
37570,5
37575,3
37589,1
37592,1
37593,1
37595,4
37596,1
37597,6
37599,5
37600,6
37602,5
37603,1
37614,1
37619,2
37629,1
37643,2
37651,2
37654,1
37655,3
37660,3
37666,1
37677,1
37703,1
37711,1
37712,2
37714,1
37736,1
37737,1
37739,7
37740,3
37744,1
37758,1
37777,6
37785,2
37801,1
37803,1
37814,1
37826,1
37856,1
37891,1
37901,1
37912,1
37913,2
37917,1
37923,1
37925,1
37926,2
37933,1
37942,1
37951,1
37959,1
37975,4
37979,1
37980,1
37984,3
37992,1
37993,4
37994,3
37995,2
37997,3
38007,6
38030,1
38053,4
38060,3
38070,3
38072,3
38076,1
38096,1
38097,1
38101,1
38109,1
38112,1
38122,2
38127,1
38128,1
38129,1
38137,1
38140,1
38145,5
38149,1
38157,4
38158,4
38166,1
38180,1
38186,2
38189,1
38195,3
38199,8
38213,2
38224,1
38226,4
38228,3
38231,2
38235,1
38239,1
38253,1
38259,1
38260,1
38262,2
38275,1
38276,1
38284,2
38297,2
38301,2
38308,1
38309,2
38323,1
38330,1
38331,2
39339,3
39348,2
39358,4
39364,2
39366,1
39379,1
39380,1
39387,1
39394,1
39398,1
39406,1
39411,1
39417,4
39421,1
39422,1
39425,1
39431,1
39433,1
39437,2
39438,1
39445,2
39447,2
39448,1
39462,1
39477,2
39482,1
39493,3
39497,1
39508,1
39509,4
39516,1
39527,1
39532,1
39537,1
39540,2
39547,1
39549,3
39550,1
39559,2
39562,1
39567,2
39570,3
39571,1
39573,2
39576,1
39577,1
39578,1
39585,2
39593,7
39595,1
39596,1
39598,1
39601,8
39602,4
39621,1
39626,3
39651,1
39652,7
39662,1
39663,2
39665,1
39670,1
39690,1
39693,3
39703,2
39709,3
39710,1
39714,3
39720,1
39722,4
39723,2
39724,3
39727,1
39729,2
39730,1
39751,1
39763,1
39768,1
39774,1
39786,1
39790,3
39798,1
39812,1
39825,2
39827,7
39829,1
39834,1
39835,11
39836,5
39837,1
39841,2
39845,1
39849,9
39854,1
39868,1
39888,1
39889,1
39897,2
39898,2
39900,4
39901,1
39902,4
39907,1
39909,1
39911,1
39914,3
39921,1
39935,1
39939,3
39941,1
39943,5
39944,2
39949,1
39983,1
39996,2
40000,1
40001,1
40010,1
40036,1
40039,1
40040,1
44821,1
44823,4
44824,5
44828,2
44835,11
44839,1
44841,1
44847,1
44850,2
44851,1
44854,3
44856,4
44863,1
44876,3
44879,1
44881,1
44883,2
44884,11
44885,6
44890,2
44892,2
44913,1
44916,2
44919,1
44921,1
44929,2
