ApplicantID,DocumentCount
1,1
3,1
4,1
8,1
10,2
11,1
13,1
14,1
18,2
22,10
25,1
26,1
27,3
29,2
61,3
68,3
69,7
70,1
71,3
73,1
75,3
81,1
82,1
95,9
97,1
98,7
99,1
104,1
124,3
125,1
127,1
128,5
134,7
137,2
144,2
148,4
153,7
155,1
172,3
173,3
176,7
178,3
195,3
200,3
202,1
203,1
212,1
232,4
233,1
239,1
241,4
244,2
249,5
251,1
255,5
262,1
267,4
268,6
271,1
273,1
275,2
277,1
279,1
282,2
287,4
289,1
290,2
296,4
301,1
306,2
308,1
317,2
320,6
322,1
325,7
326,2
329,3
331,1
333,5
347,20
352,1
357,4
362,3
367,1
368,5
370,9
373,8
374,1
385,1
386,1
387,1
393,3
395,1
397,1
399,1
400,3
403,4
406,1
414,1
417,3
418,3
422,3
425,8
426,1
427,1
428,1
438,6
439,5
440,4
443,2
445,2
448,3
449,12
450,1
451,1
454,2
457,1
461,3
464,1
473,1
485,4
491,1
492,1
495,3
505,1
507,2
511,2
514,1
515,4
519,7
522,1
526,3
527,4
528,1
529,4
531,8
532,2
534,6
537,1
538,1
542,6
543,1
551,4
553,2
559,1
562,3
566,1
567,1
575,1
577,5
589,4
594,6
598,1
599,7
600,3
603,1
605,4
607,1
609,5
616,1
622,1
623,4
626,1
629,3
630,1
631,5
633,1
635,1
637,1
643,4
646,7
647,6
649,1
653,1
659,1
661,5
663,1
665,2
669,7
670,4
675,1
676,5
684,3
688,1
690,5
697,1
702,11
708,1
709,1
710,9
714,2
715,1
717,5
718,1
721,4
724,1
728,1
729,10
731,1
733,1
738,2
741,1
744,4
748,1
750,6
753,2
754,6
755,3
765,8
767,5
768,2
775,4
777,5
797,11
799,6
800,5
807,1
809,16
813,4
824,1
841,1
850,3
855,7
858,7
866,6
872,1
873,8
875,1
878,2
883,1
886,1
892,2
898,1
910,5
913,3
917,1
937,1
944,7
945,3
946,2
949,1
953,10
967,9
1007,1
1009,3
1010,1
1014,1
1017,3
1021,1
1040,2
1046,1
1051,1
1052,7
1053,1
1054,1
1063,1
1064,1
1069,7
1079,1
1080,12
1081,1
1082,1
1085,1
1086,5
1092,1
1094,4
1101,1
1103,1
1105,1
1108,4
1111,1
1119,6
1120,2
1121,1
1123,1
1125,5
1127,2
1128,7
1132,1
1145,10
1171,1
1207,1
1223,2
1226,1
1236,1
1238,3
1252,1
1267,1
1305,6
1310,6
1312,1
1313,1
1324,1
1338,4
1340,3
1341,1
1359,4
1376,1
1382,1
1390,8
1391,1
1393,2
1414,6
1416,1
1419,1
1425,2
1426,1
1427,1
1439,5
1444,2
1455,1
1464,1
1468,5
1472,1
1501,1
1505,1
1508,1
1515,15
1523,3
1525,1
1528,1
1535,6
1545,1
1555,4
1557,2
1566,2
1567,2
1572,2
1584,6
1586,1
1592,6
1599,6
1613,7
1615,3
1619,6
1627,1
1649,10
1652,1
1656,1
1661,1
1662,1
1665,4
1670,7
1674,3
1677,2
1679,1
1681,4
1696,1
1700,1
1702,3
1704,4
1707,1
1716,1
1726,2
1730,10
1731,1
1744,2
1745,1
1746,1
1758,2
1761,1
1762,1
1771,1
1782,6
1786,1
1788,3
1790,3
1791,1
1802,5
1806,1
1808,5
1816,1
1817,6
1820,4
1840,1
1844,2
1847,4
1859,1
1861,1
1866,9
1867,1
1873,6
1874,1
1877,1
1879,2
1882,6
1893,4
1898,3
1905,4
1908,1
1909,3
1924,1
1926,1
1952,1
1958,1
1963,1
1973,1
1977,1
1978,2
1979,11
1987,3
1998,1
2001,1
2004,5
2007,3
2016,1
2019,5
2022,4
2034,1
2040,1
2041,1
2042,4
2043,3
2044,1
2048,2
2054,6
2066,2
2071,1
2074,5
2081,3
2090,1
2093,1
2094,1
2096,7
2099,2
2104,1
2108,1
2111,6
2117,11
2121,10
2122,4
2123,8
2127,2
2128,4
2136,4
2140,1
2154,1
2156,3
2157,4
2159,1
2162,1
2164,3
2174,8
2191,2
2206,1
2209,4
2210,2
2212,1
2214,4
2220,1
2221,1
2222,1
2224,11
2225,1
2227,1
2234,3
2235,2
2237,4
2241,1
2243,1
2245,6
2253,4
2259,5
2264,1
2272,13
3280,8
3288,5
3291,4
3294,1
3295,3
3297,1
3299,3
3310,1
3315,3
3317,1
3325,5
3330,1
3337,4
3340,4
3344,8
3349,1
3354,1
3358,1
3361,10
3365,1
3367,3
3374,2
3381,1
3382,1
3386,4
3387,5
3388,5
3414,6
3418,1
3426,1
3427,4
3429,1
3431,5
3432,4
3435,3
3438,7
3441,2
3449,1
3450,1
3454,1
3456,4
3467,1
3471,5
3475,1
3480,4
3487,1
3488,1
3490,1
3491,1
3492,1
3531,1
3536,3
3539,2
3540,4
3542,1
3556,1
3558,1
3567,2
3568,2
3571,5
3575,4
3576,1
3583,5
3587,1
3600,1
3603,1
3604,1
3611,7
3612,6
3616,1
3632,6
3635,1
3648,3
3657,5
3661,4
3664,1
3667,2
3668,8
3669,1
3677,5
3683,3
3685,1
3691,1
3701,5
3712,1
3719,4
3723,5
3726,1
3734,3
3747,6
3758,8
3762,5
3767,7
3776,1
3778,1
3789,4
3790,1
3795,1
3806,6
3807,1
3815,1
3817,5
3818,1
3819,1
3821,1
3826,1
3828,3
3835,1
3873,6
3875,7
3887,1
3888,5
3894,6
3902,3
3905,1
3906,4
3914,6
3922,2
3923,4
3931,1
3932,8
3936,2
3939,10
3942,1
3945,1
3958,5
3959,4
3979,4
3986,1
3994,7
3997,6
4013,1
4021,1
4035,2
4039,3
4046,1
4047,6
4054,9
4064,4
4075,1
4084,5
4085,1
4088,2
4090,1
4093,5
4096,1
4099,1
4101,1
4112,5
4113,6
4115,3
4116,1
4120,1
4136,2
4147,1
4148,5
4150,1
4151,2
4156,4
4162,3
4168,1
4172,7
4174,5
4177,1
4182,1
4183,1
4189,1
4190,1
4196,2
4201,10
4206,6
4223,1
4234,5
4237,2
4243,5
4244,1
4250,4
4267,6
4277,6
4279,1
4280,3
4284,6
4303,4
4316,8
4323,1
4325,4
4351,1
4353,4
4359,4
4361,1
4378,6
4388,1
4396,3
4400,3
4401,2
4413,2
4416,1
4418,1
4428,7
4434,1
4446,1
4449,2
4453,1
4455,4
4457,5
4459,1
4460,2
4465,5
4471,6
4476,1
4478,1
4480,1
4483,4
4484,1
4489,8
4492,1
4493,1
4502,4
4509,8
4511,3
4515,1
4520,3
4521,1
4528,1
4532,1
4533,1
4539,7
4543,1
4557,13
4569,4
4580,8
4613,4
4641,7
4650,1
4653,8
4665,1
4671,4
4690,2
4702,1
4707,7
4713,7
4723,2
4733,3
4737,1
4738,6
4740,1
4749,1
4754,6
4755,4
4778,1
4785,11
4789,1
4795,6
4803,1
4807,7
4808,1
4824,4
4827,3
4829,2
4830,1
4831,10
4847,6
4856,4
4860,6
4861,5
4867,2
4869,4
4870,1
4873,4
4895,5
4898,8
4899,4
4907,3
4922,1
4940,1
4941,8
4956,1
4958,3
4968,4
4969,1
4971,1
4982,2
4993,5
5011,1
5164,6
5167,3
5173,3
5178,4
5187,3
5193,1
5200,1
5204,1
5206,1
5211,1
5213,6
5215,3
5217,4
5218,5
5227,1
5229,2
5238,2
5241,5
5243,4
5250,6
5259,3
5260,8
5261,1
5266,1
5284,2
5294,4
5295,5
5296,1
5301,1
5303,1
5307,1
5312,3
5320,3
5321,1
5325,6
5326,4
5329,1
5331,1
5332,5
5333,1
5334,8
5337,4
5344,1
5347,1
5362,1
5363,1
5365,1
5366,1
5379,1
5381,2
5390,1
5394,1
5406,4
5415,4
5420,1
5423,1
5424,1
5427,6
5428,1
5436,4
5439,1
5441,1
5446,1
5448,1
5454,4
5466,1
5469,1
5471,1
5473,1
5480,1
5482,2
5485,3
5493,4
5499,3
5513,4
5520,1
5525,1
5527,1
5532,1
5533,1
5534,1
5536,1
5539,1
5544,1
5556,6
5558,1
5568,1
5571,5
5584,8
5598,1
5611,6
5613,1
5615,1
5617,3
5618,1
5626,1
5627,1
5629,1
5631,1
5636,1
5638,1
5640,1
5644,1
5653,1
5660,2
5661,4
5665,1
5666,1
5671,4
5680,5
5683,1
5684,4
5687,1
5692,1
5695,5
5700,4
5722,8
5723,1
5728,2
5734,2
5736,5
5737,5
5742,1
5747,1
5752,1
5756,2
5758,3
5760,4
5763,4
5772,1
5777,1
5783,1
5785,4
5788,2
5797,3
5802,1
5804,1
5814,4
5824,3
5833,3
5837,6
5840,2
5844,5
5846,1
5849,1
5860,7
5867,3
5871,3
5877,1
5892,4
5905,5
5916,1
5927,3
5935,3
5937,5
5938,4
5939,10
5943,1
5946,4
5947,6
5950,1
5967,8
5968,3
5970,1
5975,1
5976,1
5980,1
5981,1
5994,3
5996,1
5997,1
6001,1
6002,5
6021,1
6023,2
6024,3
6029,1
6031,1
6042,4
6049,1
6050,1
6055,5
6056,3
6062,1
6071,2
6072,8
6073,1
6079,1
6080,1
6083,2
6090,1
6097,1
6102,4
6108,1
6109,6
6111,1
6118,1
6121,1
6123,5
6124,1
6129,7
6130,3
6137,4
6138,1
6143,3
6144,1
6153,3
6158,5
6166,2
6171,1
6176,2
6180,1
6197,2
6198,8
6199,1
6202,3
6206,1
6212,1
6221,1
6224,2
6225,8
6226,4
6230,5
6231,3
6234,1
6236,1
6242,1
6246,4
6248,1
6249,6
6267,4
6269,9
6270,1
6274,6
6281,4
6282,5
6285,1
6286,3
6287,3
6289,1
6292,5
6295,4
6297,1
6310,1
6313,3
6314,3
6315,4
6316,3
6318,2
6319,1
6325,5
6328,4
6330,1
6332,3
6338,5
6342,3
6346,2
6347,3
6349,3
6353,1
6354,3
6357,5
6358,4
6359,1
6363,1
6371,5
6376,4
6377,1
6378,1
6380,1
6387,1
6388,2
6391,6
6392,1
6402,1
6403,5
6416,4
6417,3
6418,1
6419,5
6424,1
6430,3
6431,3
6439,1
6444,5
6445,1
6450,1
6451,1
6455,1
6459,1
6469,1
6476,1
6482,1
6484,3
6485,1
6488,1
6494,1
6497,1
6502,5
6509,3
6510,5
6515,5
6518,3
6524,3
6530,1
6549,6
6559,4
6575,4
6579,3
6583,4
6584,1
6587,11
6595,1
6604,4
6605,1
6615,1
6622,3
6625,3
6627,1
6630,1
6632,3
6639,1
6647,1
6664,1
6674,3
6676,1
6678,5
6681,1
6683,2
6691,1
6700,1
6702,1
6706,7
6708,1
6709,4
6712,1
6716,4
6717,1
6719,3
6733,2
6739,1
6740,1
6744,1
6747,1
6750,3
6753,1
6759,13
6761,1
6764,3
6768,1
6783,1
6787,1
6788,3
6790,1
6791,1
6795,7
6798,4
6801,3
6804,1
6807,3
6812,3
6814,1
6821,1
6823,1
6826,1
6829,3
6831,1
6835,1
6845,5
6846,1
6859,1
6864,1
6868,1
6873,2
6877,1
6880,2
6882,2
6884,2
6885,1
6886,1
6889,3
6890,4
6891,1
6892,1
6893,1
6898,3
6909,21
6910,1
6919,1
6920,1
6922,2
6923,1
6924,1
6928,1
6933,4
6938,1
6945,1
6948,1
6955,1
6956,6
6961,1
6968,1
6975,2
6976,4
6979,9
6980,3
6983,4
6984,1
6988,5
6997,1
6999,1
7002,2
7015,5
7022,3
7025,1
7026,7
7027,7
7032,1
7033,4
7037,1
7038,1
7039,1
7048,1
7051,2
7060,8
7061,1
7063,7
7068,1
7070,6
7080,1
7081,5
7082,1
7084,8
7088,1
7093,3
7097,2
7100,11
7107,4
7116,5
7125,1
7128,1
7132,1
7133,5
7144,1
7149,1
7162,7
7184,1
7192,4
7195,1
7217,5
7412,1
7418,3
7422,3
7439,1
7451,1
7455,1
7465,5
7481,1
7485,3
7490,3
7498,1
7513,2
7520,1
7525,1
7528,3
7529,1
7530,4
7571,8
7573,1
7591,5
7595,4
7611,2
7631,1
7638,1
7648,3
7662,2
7663,1
7665,4
7670,3
7672,2
7688,1
7694,5
7698,2
7711,4
7713,2
7718,8
7721,1
7722,12
7723,5
7735,1
7745,12
7750,1
7755,3
7756,1
7758,4
7764,4
7773,1
7782,1
7796,5
7797,4
7805,5
7807,1
7810,1
7812,1
7815,2
7820,1
7821,4
7824,1
7838,12
7845,8
7847,5
7857,4
7858,3
7859,3
7861,5
7864,4
7866,9
7881,4
7898,1
7899,3
7901,2
7941,4
7952,9
7975,3
7976,3
7984,5
7986,1
7989,2
7992,1
7993,4
7995,3
7997,3
8000,5
8002,3
8007,1
8008,1
8013,3
8015,1
8023,6
8024,1
8027,7
8028,1
8029,1
8039,4
8043,13
8046,5
8049,2
8051,4
8056,5
8066,7
8069,9
8072,11
8085,1
8091,4
8097,5
8099,5
8102,4
8103,10
8109,7
8111,1
8115,1
8117,15
8119,5
8121,1
8122,4
8123,1
8128,3
8129,11
8132,8
8134,4
8136,1
8141,1
8143,8
8144,2
8145,6
8146,4
8150,1
8152,2
8153,1
8154,1
8160,1
8161,2
8168,1
8172,1
8173,1
8174,2
8176,2
8179,1
8180,1
8183,3
8185,5
8193,5
8196,1
8199,2
8203,10
8206,3
8207,5
8210,6
8211,1
8227,1
8228,10
8237,1
8244,1
8246,1
8247,5
8250,7
8260,1
8262,1
8264,4
8277,1
8279,7
8280,2
8292,2
8296,6
8309,1
8315,1
8335,2
8339,5
8345,8
8348,5
8350,1
8356,2
8361,6
8384,2
8389,3
8400,4
8403,1
8405,1
8438,1
8442,1
8471,5
8476,3
8480,9
8487,2
8496,8
8539,7
8556,1
8559,1
8564,12
8575,2
8578,1
8583,4
8588,4
8589,1
8594,3
8597,6
8603,6
8618,2
8629,6
8632,1
8636,4
8652,1
8653,1
8675,6
8677,1
8678,1
8684,1
8687,1
8694,1
8697,1
8728,3
8760,6
8781,1
8796,1
8803,3
8811,6
8815,5
8848,2
8850,4
8853,1
8854,1
8859,3
8863,6
8865,1
8871,4
8884,1
8890,1
8901,7
8902,1
8905,2
8909,1
8916,1
8918,4
8919,3
8922,2
8923,4
8931,4
8935,2
8938,1
8941,5
8944,2
8948,9
8950,3
8951,1
8953,6
8959,1
8968,2
8977,1
8982,4
8990,6
8992,7
8993,1
8995,1
8997,4
9004,1
9009,3
9016,1
9017,6
9029,6
9037,7
9046,1
9048,1
9049,2
9054,10
9058,9
9061,1
9063,1
9064,3
9066,1
9069,2
9071,5
9074,4
9078,14
9081,3
9084,4
9085,6
9105,2
9110,1
9122,4
9129,2
9133,5
9134,2
9141,3
9143,3
9146,1
9147,1
9153,4
9161,5
9166,1
9175,4
9180,1
9182,1
9189,3
9192,1
9193,4
9197,4
9215,1
9219,2
9225,1
9230,2
9232,4
9233,1
9234,4
9241,1
9250,2
9251,1
9252,1
9253,1
9254,6
9257,2
9259,1
9268,1
9272,3
9283,6
9287,3
9289,1
9301,8
9303,1
9326,1
9330,8
9344,4
9347,1
9356,1
9361,4
9368,2
9370,14
9373,3
9375,1
9378,1
9384,1
9385,1
9386,1
9393,1
9397,1
9410,3
9414,1
9421,1
9430,1
9431,8
9436,1
9437,1
9442,1
9449,1
9465,3
9476,1
9481,5
9484,7
9504,3
9517,1
9531,2
9538,1
9542,6
9565,7
9566,4
9571,8
9576,1
9579,1
9588,1
9589,3
9591,7
9599,2
9612,10
9613,1
9624,1
9625,1
9631,4
9644,1
9659,1
9662,3
9666,7
9671,1
9684,11
9691,6
9692,5
9695,2
9696,4
9699,1
9708,2
9713,1
9716,6
9731,1
9732,1
9739,1
9751,10
9771,4
9780,9
9784,1
9790,2
9805,1
9806,5
9818,2
9822,1
9830,1
9835,1
9839,1
9840,11
9843,1
9845,1
9846,7
9854,4
9862,1
9869,4
9873,1
9885,2
9894,4
9905,1
9911,1
9932,5
9942,1
9943,6
9944,1
9946,1
9956,3
9959,2
9985,1
10017,4
10018,1
10023,3
10061,2
10069,4
10080,5
10090,1
10094,1
10100,1
10109,5
10110,3
10138,1
10139,7
10146,3
10174,1
10183,6
10188,5
10239,1
10240,1
10244,14
10280,1
10285,1
10295,4
10299,2
10301,6
10305,2
10317,3
10327,6
10336,1
10342,4
10364,1
10379,5
10382,8
10422,1
10465,2
10489,2
10501,6
10511,2
10513,2
10517,1
10523,1
10538,1
10541,1
10563,1
10574,4
10599,6
10602,5
10609,4
10627,1
10634,6
10635,5
10662,2
10674,1
10679,1
10711,13
10717,5
10718,6
10721,1
10725,1
10730,1
10736,5
10762,5
10769,3
10785,1
10787,4
10797,3
10848,1
10855,3
10878,1
10914,1
10919,1
10923,1
10937,3
10944,1
10957,1
10975,5
10977,3
10979,1
10980,1
10991,1
10996,1
11019,1
11031,3
11077,3
11084,5
11094,1
11095,10
11097,3
11104,2
11111,2
11113,1
11118,1
11121,5
11134,1
11158,2
11160,2
11165,1
11175,3
11177,1
11187,3
11191,1
11204,1
11235,6
11237,5
11251,1
11260,4
11263,1
11296,1
11317,3
11326,4
11350,1
11388,4
11390,1
11399,1
11401,1
11409,2
11432,1
11436,8
11446,1
11470,1
11485,1
11490,1
11501,3
11511,1
11517,3
11519,4
11527,1
11528,1
11547,3
11552,1
11562,1
11583,1
11589,1
11592,1
11598,1
11603,1
11611,7
11617,1
11625,1
11638,1
11651,3
11657,6
11658,1
11665,4
11676,1
11680,1
11695,1
11698,5
11710,1
11726,9
11730,1
11731,3
11734,2
11746,1
11748,1
11755,14
11758,1
11759,1
11762,1
11767,5
11771,5
11772,10
11795,14
11799,4
11801,5
11819,4
11821,1
11828,1
11837,1
11839,1
11840,4
11877,1
11882,1
11907,11
11908,5
11915,7
11921,2
11936,1
11937,2
11939,1
11947,7
11955,1
11959,3
11960,1
11962,5
11972,4
11974,1
11975,4
11976,6
11987,1
11988,1
11990,1
12009,1
12010,4
12019,4
12023,1
12026,6
12030,3
12032,1
12044,2
12045,1
12065,2
12074,1
12084,1
12093,1
12101,4
12112,2
12123,4
12129,1
12136,4
12138,3
12141,1
12145,2
12148,7
12156,1
12158,11
12166,3
12167,1
12168,1
12179,1
12181,2
12196,3
12216,2
12224,3
12228,6
12229,5
12235,1
12238,1
12250,2
12256,4
12258,1
12261,1
12266,6
12269,3
12273,5
12276,1
12281,1
12292,1
12302,5
12303,7
12304,4
12318,1
12322,1
12327,8
12330,1
12334,1
12341,7
12346,1
12347,9
12349,1
12350,1
12356,3
12358,5
12359,4
12362,2
12368,1
12369,9
12374,6
12386,1
12392,1
12393,1
12404,2
12426,1
12436,1
12451,3
12455,6
12464,5
12492,4
12498,4
12510,1
12512,5
12513,1
12514,7
12527,7
12535,3
12538,1
12543,1
12545,1
12556,4
12573,3
12581,2
12599,2
12606,2
12612,1
12613,10
12622,1
12629,3
12638,4
12641,2
12666,3
12671,1
12672,1
12676,3
12684,2
12709,5
12715,1
12716,1
12740,6
12743,1
12744,3
12749,4
12752,4
12758,1
12769,6
12779,2
12788,1
12815,1
12859,1
12860,13
12871,5
12891,4
12895,4
12905,7
12906,4
12918,3
12929,6
12951,1
12953,1
12955,3
12964,11
12971,4
12974,1
12977,4
12981,5
12988,1
12989,1
12993,6
12999,17
13007,1
13009,3
13010,1
13011,4
13014,2
13025,6
13038,1
13039,3
13040,2
13041,6
13042,2
13051,1
13056,6
13061,6
13067,1
13073,1
13074,1
13082,7
13084,1
13100,4
13113,4
13119,1
13124,3
13126,5
13127,1
13137,1
13147,1
13157,3
13178,6
13183,2
13190,5
13198,4
13201,2
13205,1
13209,5
13211,8
13217,1
13223,1
13225,1
13226,1
13227,1
14197,1
14228,5
14231,1
14237,5
14239,1
14244,4
14248,1
14252,9
14254,2
14256,1
14262,5
14263,2
14268,7
14270,4
14274,2
14276,1
14279,1
14280,1
14281,1
14284,10
14293,1
14301,1
14302,1
14304,1
14305,1
14316,6
14318,1
14320,4
14322,5
14324,4
14330,2
15331,4
15332,5
15336,1
15340,2
15353,3
15363,3
15366,1
15367,4
15369,2
15370,3
15382,2
15385,3
15387,4
15392,6
15394,6
15396,7
15397,3
16396,1
16397,2
16398,10
16401,6
16406,2
16409,5
16410,5
16411,1
16412,4
16413,3
16414,2
16415,4
16417,1
16420,4
16422,6
16427,1
16428,1
16430,3
16441,1
16442,15
16455,1
16457,1
16459,3
16461,5
16462,8
16467,1
16472,1
16473,3
16477,1
16479,1
16483,1
16486,1
16488,3
16490,4
16497,9
16498,6
16500,1
16502,2
16512,1
16515,1
16517,5
16520,1
16522,1
16523,1
16525,1
16527,1
16528,1
16530,1
16534,2
16538,4
16540,1
16541,1
16542,1
16545,1
16549,4
16550,8
16553,5
16554,1
16555,1
16557,1
16558,3
16561,1
16562,1
16566,2
16568,5
16573,10
16576,1
16577,4
16582,1
16585,6
16589,4
16590,3
16591,5
16592,13
16595,4
16596,3
16597,5
16598,1
16599,2
16600,8
16603,1
16606,1
16607,7
16612,1
16614,5
16619,1
16620,1
16623,4
16625,1
16629,6
16632,4
16633,2
16635,4
16637,1
16639,5
16641,4
16642,3
16647,1
16648,3
16649,5
16650,4
16658,2
16659,6
16673,5
16674,1
16683,1
16690,6
16692,1
16694,1
16695,1
16698,1
16700,3
16703,4
16707,9
16708,7
16715,3
16717,6
16731,4
16733,5
16741,4
16742,2
16748,1
16753,1
16755,1
16762,2
16764,2
16766,1
16767,3
16768,6
16770,4
16772,1
16775,4
16778,1
16779,1
16782,5
16783,1
16786,4
16789,1
16795,6
16796,1
16797,5
16798,1
16806,4
16810,4
16811,6
16820,3
16822,1
16823,1
16827,1
16840,4
16843,2
16846,4
16847,1
16850,3
16852,2
16854,3
16855,5
16860,4
16866,3
16867,1
16870,7
16871,1
16874,1
16877,1
16880,5
16888,6
16900,2
16904,1
16906,2
16913,7
16914,1
16916,1
16920,2
16922,1
16930,1
16939,1
16941,3
16942,8
16946,1
16947,1
16949,1
16950,1
16953,7
16958,1
16971,5
16972,6
16977,19
16986,3
16996,2
16997,1
16998,1
17002,10
17006,1
17016,5
17019,5
17022,1
17026,8
17028,5
17030,4
17043,2
17044,1
17045,4
17057,1
17072,9
17082,5
17084,3
17087,2
17091,3
17093,4
17097,12
17098,7
17102,1
17106,4
17111,3
17113,1
17119,1
17124,3
17127,1
17131,4
17132,4
17140,5
17141,4
17149,1
17153,1
17156,2
17157,1
17160,4
17164,3
17165,2
17170,2
17172,3
17177,3
17188,4
17196,12
17197,5
17203,3
17204,3
17207,1
17209,2
17211,3
17214,10
17217,8
17223,4
17224,1
17235,4
17241,1
17243,3
17244,4
17252,2
17261,5
17275,7
17280,1
17283,3
17287,3
17290,4
17297,2
17304,1
17306,1
17307,8
17309,1
17310,1
17315,4
17318,1
17319,1
17322,5
17326,1
17328,1
17333,1
18302,7
18305,5
18310,1
18311,5
18320,3
18323,1
18325,5
18330,1
18335,4
18338,8
18339,6
18351,1
18353,1
18369,1
18371,4
18376,3
18379,1
18380,1
18385,2
18387,3
18390,3
18391,4
18396,1
18400,1
18401,1
18402,4
18404,6
18409,3
18416,3
18417,1
18424,6
18425,1
18430,4
18433,1
18437,6
18441,4
18458,2
18460,1
18488,2
18492,1
18493,1
18494,1
18500,3
18511,1
18512,1
18516,1
18525,8
18526,3
18530,3
18532,2
18552,3
18553,3
18561,1
18562,1
18563,4
18564,6
18567,6
18568,1
18569,1
18571,3
18579,3
18580,1
18581,6
18589,3
18590,2
18593,6
18594,2
18602,4
18607,3
18610,1
18613,1
18615,4
18617,4
18627,12
18632,5
18635,3
18637,2
18639,1
18644,5
18647,5
18648,1
18651,2
18661,3
18664,2
18681,6
18684,8
18687,4
18689,1
18691,2
18700,3
18701,6
18702,4
18708,1
18714,2
18715,1
18721,2
18722,1
18724,5
18729,5
18732,5
18734,3
18747,3
18750,1
18755,1
18760,3
18769,1
18774,2
18777,1
18782,2
18809,1
18812,8
18818,1
18819,1
18821,1
18827,5
18829,1
18835,1
18841,6
18847,2
18858,1
18860,3
18864,2
18865,2
18866,12
18877,4
18886,1
18888,1
18889,1
18894,3
18903,1
18905,2
18909,3
18913,1
18917,1
18918,7
18920,1
18936,4
18941,1
18953,1
18958,5
18959,3
18965,4
18972,3
18976,6
18978,7
18981,1
18992,4
18993,3
19003,1
19010,3
19016,3
19023,4
19026,2
19032,1
19033,5
19034,1
19037,3
19044,5
19046,5
19049,5
19050,1
19051,1
19054,5
19059,10
19060,1
19064,4
19065,2
19066,4
19075,5
19076,7
19081,1
19082,1
19085,1
19086,1
19088,7
19089,1
19091,1
19098,4
19103,3
19105,8
19106,1
19107,1
19114,1
19116,2
19119,1
19125,3
19126,5
19129,1
19132,3
19134,7
19148,3
19151,2
19167,1
19173,4
19175,1
19183,3
19190,2
19192,6
19198,3
19203,6
19211,2
19218,6
19220,1
19224,1
19226,5
19227,2
19228,9
19240,2
19245,1
19246,4
19247,12
19248,1
19253,3
19256,2
19258,1
19265,1
19266,1
19269,1
19283,5
19286,1
19291,3
19292,6
19310,6
19313,2
19317,1
19320,1
19325,1
19335,1
19336,6
19339,2
19343,5
19346,4
19347,3
19350,1
19357,1
19366,1
19372,3
19373,1
19375,7
19379,6
19381,10
19384,1
19386,1
19387,1
19388,3
19396,1
19407,5
19425,5
19438,1
19439,2
19440,8
19448,2
19449,2
19465,3
19474,1
19480,1
19491,1
19493,5
19497,2
19498,1
19501,1
19506,1
19507,4
19512,6
19513,2
19516,1
19517,3
19519,6
19520,5
19523,5
19524,3
19527,1
19528,1
19540,6
19542,1
19543,2
19547,1
19548,1
19549,1
19550,1
19552,5
19554,1
19555,2
19556,4
19559,3
19566,4
19568,9
19572,1
19586,1
19587,1
19590,3
19591,5
19593,1
19594,1
19607,8
19622,6
19633,1
19637,5
19640,4
19641,1
19645,1
19646,1
19648,7
19651,2
19653,1
19654,1
19662,1
19663,1
19670,11
19672,1
19676,3
19680,8
19684,1
19687,1
19690,1
19691,6
19698,1
19703,10
19706,1
19708,1
19713,1
19714,1
19717,1
19721,1
19724,1
19725,1
19728,4
19729,3
19730,4
19731,3
19733,3
19738,4
19740,6
19748,2
19759,1
19760,1
19762,6
19766,3
19768,1
19770,1
19772,4
19773,2
19777,1
19778,3
19782,4
19783,3
19785,7
19790,4
19794,2
19796,2
19801,4
19806,1
19810,1
19817,1
19820,3
19822,1
19826,1
19830,7
19831,1
19832,3
19833,4
19835,4
19836,4
19843,1
19846,2
19847,1
19854,1
19855,1
19858,3
19860,1
19861,5
19862,6
19863,6
19866,5
19870,1
19871,2
19875,6
19878,6
19879,1
19881,5
19882,2
19883,4
19886,3
19891,10
19893,2
19898,1
19900,6
19902,1
19903,3
19904,6
19905,3
19913,4
19919,1
19923,2
19926,1
19933,3
19934,11
19935,2
19936,6
19940,2
19942,1
19943,7
19945,2
19950,2
19951,1
19958,2
19963,6
19966,2
19972,5
19977,3
19979,2
19988,1
19990,2
19991,1
19995,1
19996,1
19999,7
20001,8
20002,6
20006,7
20007,2
20008,5
20018,1
20019,10
20021,1
20022,4
20026,1
20030,5
20032,1
20033,3
20035,1
20038,2
20040,1
20045,1
20051,1
20054,4
20057,1
20058,1
20059,6
20062,5
20067,1
20068,1
20076,5
20077,3
20080,2
20081,3
20084,5
20089,1
20092,4
20095,1
20102,1
20105,1
20108,6
20115,7
20116,1
20119,1
20123,4
20124,8
20125,3
20127,1
20131,4
20134,4
20135,2
20137,6
20140,6
20141,6
20142,2
20146,2
20147,5
20149,3
20152,4
20154,1
20157,2
20158,5
20160,18
20166,1
20170,3
20173,2
20184,2
20187,7
20189,2
20190,5
20192,4
20195,4
20198,3
20201,1
20203,1
20206,9
20211,6
20212,6
20214,1
20219,2
20221,7
20225,2
20234,5
20235,3
20236,6
20238,2
20239,2
20241,2
20242,1
20245,5
20250,4
20260,4
20262,2
20264,7
20267,20
20268,1
20279,5
20284,4
20286,1
20288,1
20289,3
20290,9
20298,3
20299,4
20301,3
20302,2
20307,2
20309,1
20310,4
20311,4
20314,1
20347,6
20348,3
20351,6
20355,6
20360,1
20363,1
20364,5
20366,7
20367,1
20374,3
20375,2
20381,1
20383,1
20385,1
20403,4
20404,9
20405,5
20414,2
20416,1
20418,8
20425,1
20426,2
20432,3
20433,1
20437,5
20438,5
20444,3
20448,3
20455,4
20457,5
20458,1
20460,1
20462,5
20463,7
20466,13
20467,3
20480,12
20487,3
20488,8
20490,1
20491,2
20495,2
20496,1
20503,2
20507,1
20511,1
20513,1
20518,1
20524,1
20528,3
20529,1
20541,3
20543,1
20548,5
20554,1
20556,1
20558,3
20564,2
20565,5
20570,1
20572,5
20577,6
20580,1
20582,8
20584,1
20585,3
20588,1
20594,1
20597,1
20603,3
20607,1
20611,1
20618,1
20619,2
20647,1
20648,5
20653,2
20660,1
20667,8
20669,5
20690,1
20692,1
20694,3
20699,1
20702,1
20703,1
20723,3
20725,2
20740,4
20751,3
20758,4
20760,4
20761,1
20768,5
20770,5
20774,5
20776,3
20779,4
20781,3
20782,1
20794,1
20798,7
20806,1
20809,3
20810,2
20811,1
20814,1
20818,4
20819,1
20822,4
20824,3
20825,8
20832,1
20835,1
20838,5
20848,3
20849,4
20853,10
20856,1
20859,6
20866,1
20868,1
20869,2
20870,3
20878,2
20884,1
20885,6
20891,1
20893,4
20897,14
20902,3
20903,1
20909,4
20911,1
20913,4
20915,1
20924,1
20926,1
20935,3
20940,1
20941,4
20949,1
20955,6
20956,4
20958,7
20962,3
20963,1
20969,1
20982,1
20983,2
20984,2
20988,2
21002,5
21003,9
21006,1
21013,4
21014,1
21022,1
21027,1
21044,1
21059,1
21068,1
21072,9
21075,3
21089,1
21102,6
21110,6
21113,3
21114,1
21116,1
21117,8
21118,3
21128,3
21133,1
21135,4
21149,1
21156,1
21162,1
21167,4
21177,1
21181,1
21184,5
21185,5
21187,2
21189,1
21190,2
21191,3
21193,2
21197,1
21200,5
21205,6
21213,7
21218,8
21222,2
21223,5
21231,4
21235,1
21236,3
21237,1
21241,9
21250,1
21251,1
21253,6
21258,10
21260,1
21262,1
21264,1
21266,1
21268,3
21269,7
21273,4
21276,1
21281,5
21284,1
21289,1
21291,7
21295,4
21299,1
21304,4
21305,1
21306,1
21310,4
21311,4
21316,2
21319,3
21322,4
21324,6
21328,1
21329,4
21334,1
21335,1
21344,1
21355,3
21381,1
21399,6
21411,7
21432,1
21453,1
21458,1
21499,1
21502,5
21503,3
21505,7
21514,2
21518,1
21526,10
21534,1
21539,1
21549,2
21551,17
21552,2
21555,1
21556,2
21557,2
21563,9
21566,1
21571,7
21575,1
21576,3
21588,8
21594,1
21598,5
21605,2
21613,1
21614,4
21616,1
21624,1
21632,1
21645,1
21647,16
21649,5
21651,1
21652,3
21654,2
21655,1
21664,2
21668,1
21671,1
21674,3
21679,3
21692,1
21694,1
21696,1
21702,6
21707,1
21709,1
21719,3
21727,4
21731,3
21733,5
21734,8
21736,6
21737,5
21738,9
21740,1
21741,1
21745,1
21747,3
21757,6
21762,4
21768,3
21771,3
21780,1
21785,1
21786,4
21789,4
21794,1
21795,3
21809,3
21810,2
21811,2
21815,5
21817,1
21818,5
21823,2
21828,1
21831,6
21832,2
21834,1
21835,4
21836,3
21844,2
21848,2
21854,3
21864,7
21872,1
21874,1
21895,1
21903,3
21906,8
21908,5
21909,2
21912,1
21919,1
21928,4
21929,6
21932,4
21934,3
21941,1
21944,1
21946,4
21950,1
21955,1
21962,1
21967,3
21969,4
21974,3
21975,4
21977,5
21985,1
21998,2
22003,1
22004,6
22005,6
22011,1
22021,3
22026,2
22028,1
22031,2
22032,8
22033,1
22034,3
22035,2
22036,11
22037,4
22039,3
22041,1
22046,6
22052,2
22053,1
22054,4
22055,1
22058,5
22061,3
22065,3
22070,1
22071,1
22073,4
22078,1
22083,3
22084,1
22094,1
22095,5
22107,1
22110,8
22112,3
22121,1
22125,1
22128,1
22130,1
22134,4
22139,2
22146,3
22153,1
22162,1
22164,3
22165,3
22166,1
22171,7
22172,1
22174,7
22178,6
22182,5
22183,1
22184,5
22186,3
22195,1
22198,1
22203,2
22208,1
22209,1
22210,2
22216,6
22220,4
22229,12
22231,1
22239,1
22243,7
22244,6
22252,1
22259,1
22260,4
22261,1
22263,1
22274,2
22278,3
22281,5
22282,3
22286,3
22289,3
22296,4
22309,1
22313,4
22317,1
22318,1
22322,1
22326,3
22327,18
22328,10
22329,1
22330,4
22332,5
22333,4
22340,1
22342,1
22343,1
22348,1
22352,7
22353,2
22358,2
22360,2
22365,1
22366,5
22370,1
22371,13
22384,5
22388,4
22390,3
22394,2
22398,1
22400,9
22416,1
22417,1
22420,2
22424,6
22426,4
22428,1
22430,3
22431,1
22433,3
22436,2
22439,1
22452,1
22453,1
22460,1
22461,7
22473,9
22476,2
22480,1
22481,2
22483,1
22484,4
22485,1
22492,1
22499,9
22505,4
22508,5
22517,8
22518,2
22520,1
22521,1
22523,5
22524,3
22529,4
22532,1
22542,1
22545,1
22548,1
22550,4
22566,3
22571,1
22586,1
22587,1
22589,1
22594,3
22599,2
22603,4
22604,3
22631,3
22636,3
22638,1
22656,1
22669,4
22694,1
22700,1
22707,1
22731,1
22735,1
22770,1
22771,2
22772,1
22775,4
22780,1
22783,2
22794,1
22801,1
22803,1
22806,4
22817,4
22821,1
22825,1
22826,3
22847,5
22850,1
22852,1
22855,1
22861,3
22864,3
22877,1
22878,2
22883,1
22886,1
22889,1
22902,1
22903,1
22906,1
22909,10
22916,1
22936,1
22942,3
22946,1
22951,3
22955,3
22964,7
22965,1
22982,1
23004,1
23016,1
23026,1
23028,1
23036,1
23043,1
23045,5
23053,1
23060,3
23061,4
23079,1
23080,1
23084,3
23089,6
23096,7
23099,1
23102,1
23115,1
23120,1
23123,1
23136,8
23141,3
23174,3
23190,3
23197,1
23198,1
23215,1
23217,1
23220,1
23221,1
23231,3
23245,1
23251,7
23256,3
23271,1
23277,2
23289,3
23291,1
23307,3
23309,3
23313,1
23321,2
23339,1
23340,1
23347,7
23356,1
23357,1
23367,1
23368,1
23372,1
23410,8
23413,2
23443,1
23452,6
23455,1
23458,5
23459,2
23468,1
23470,2
23490,6
23491,4
23493,1
23496,3
23504,1
23522,1
23524,2
23529,1
23536,1
23540,1
23546,1
23550,1
23553,1
23556,1
23567,2
23571,1
23578,1
23580,1
23583,1
23589,4
23594,2
23602,1
23604,2
23605,7
23606,4
23613,3
23615,4
23620,2
23630,1
23633,2
23635,5
23639,6
23643,5
23659,1
23664,4
23665,1
23670,7
23672,1
23674,1
23681,1
23682,1
23684,1
23687,1
23694,5
23695,4
23698,3
23703,2
23705,1
23707,2
23718,1
23726,7
23736,10
23737,1
23740,1
23743,2
23748,3
23750,1
23777,3
23779,16
23780,4
23782,1
23786,1
23787,5
23794,2
23797,1
23798,1
23799,1
23805,1
23807,8
23810,4
23815,2
23816,2
23821,4
23825,1
23826,3
23828,6
23835,3
23837,2
23840,7
23847,1
23850,1
23853,8
23854,1
23855,1
23857,1
23859,6
23864,1
23866,1
23869,3
23877,1
23881,1
23884,1
23890,1
23892,3
23893,1
23894,1
23895,1
23898,6
23901,1
23905,1
23908,1
23909,1
23911,3
23915,1
23916,8
23919,4
23920,2
23922,1
23924,1
23934,1
23945,4
23946,1
23965,1
23971,4
23979,7
23989,1
24024,1
24034,1
24040,1
24048,3
24061,1
24066,2
24067,1
24086,1
24090,3
24092,1
24094,3
24125,1
24127,1
24129,3
24131,1
24149,10
24163,2
24166,1
24170,4
24171,3
24204,7
24207,4
24209,1
24210,8
24225,15
24232,6
24256,3
24300,3
24302,1
24317,1
24323,2
24332,3
24347,1
24364,1
24369,2
24378,3
24382,2
24387,2
24394,3
24400,1
24401,4
24408,2
24413,1
24417,1
24420,5
24429,1
24435,1
24437,5
24457,1
24461,4
24469,1
24474,1
24480,1
24487,1
24499,3
24505,1
24517,15
24541,1
24572,1
24584,3
24589,3
24596,2
24604,1
24611,3
24612,1
24613,1
24620,1
24644,4
24654,4
24665,1
24668,3
24682,7
24685,5
24712,1
24714,12
24719,9
24738,4
24750,1
24751,1
24752,1
24765,1
24781,1
24788,5
24794,3
24801,1
24805,6
24811,1
24814,1
24827,5
24844,1
24853,1
24855,1
24860,3
24884,1
24886,4
24890,1
24898,1
24900,3
24916,1
24930,1
24931,5
24943,5
24952,1
24962,1
24965,2
24969,1
24973,5
24979,1
24983,1
24988,5
24998,1
25002,1
25009,1
25013,6
25022,1
25031,1
25045,1
25047,2
25059,11
25063,5
25067,3
25070,1
25077,4
25078,4
25081,1
25082,1
25084,3
25086,7
25088,1
25090,3
25102,1
25108,1
25116,1
25132,1
25133,5
25142,1
25153,1
25171,1
25177,1
25196,1
25201,1
25203,1
25212,1
25217,1
25222,5
25235,10
25247,1
25248,5
25253,8
25258,4
25267,1
25277,1
25301,1
25303,1
25312,2
25313,2
25336,1
25341,1
25342,1
25345,7
25346,1
25348,1
25352,1
25362,1
25370,1
25375,1
25377,1
25378,4
25379,1
25385,1
25390,3
25412,1
25428,1
25432,3
25437,2
25439,4
25440,1
25442,5
25452,2
25473,1
25482,1
25484,4
25489,1
25493,1
25495,1
25496,1
25501,1
25505,2
25510,2
25524,1
25537,1
25542,3
25544,1
25550,12
25562,4
25576,4
25579,7
25613,5
25630,5
25648,1
25656,10
25657,1
25661,2
25673,5
25675,6
25688,1
25693,1
25704,1
25706,4
25715,1
25725,3
25729,1
25737,1
25738,1
25745,1
25746,2
25778,2
25811,3
25812,5
25837,5
25845,1
25846,1
25853,1
25854,5
25868,3
25871,8
25880,1
25904,1
25905,1
25909,6
25911,6
25912,1
25913,6
25917,3
25918,9
25921,7
25931,1
25934,3
25937,1
25947,1
25950,1
25955,1
25964,1
25969,1
25970,1
25977,6
25984,1
25991,6
25992,1
25996,2
26000,1
26001,6
26003,1
26005,2
26007,5
26008,5
26014,1
26017,1
26021,1
26022,5
26032,1
26042,1
26045,1
26051,2
26053,1
26068,3
26074,1
26075,4
26078,2
26086,1
26088,6
26089,1
26092,3
26093,3
26094,3
26099,1
26100,2
26101,10
26102,2
26105,1
26107,1
26112,5
26120,3
26123,1
26127,9
26133,9
26150,1
26156,1
26162,6
26163,3
26164,1
26168,1
26169,7
26172,7
26176,2
26177,3
26184,3
26188,5
26193,1
26199,5
26202,7
26207,1
26208,2
26212,2
26220,1
26230,1
26236,8
26246,7
26249,3
26252,4
26256,2
26259,2
26262,4
26272,2
26274,1
26280,4
26283,1
26287,9
26294,1
26297,1
26300,3
26304,4
26305,1
26307,1
26312,2
26318,3
26320,6
26323,1
26327,1
26330,1
26333,6
26334,2
26335,5
26342,4
26345,1
26346,1
26348,1
26353,4
26357,1
26358,1
26359,3
26364,2
26365,4
26372,5
26374,6
26375,3
26376,2
26377,1
26381,9
26382,3
26389,1
26390,1
26392,1
26397,1
26398,2
26402,1
26404,4
26406,1
26410,3
26412,3
26415,5
26417,1
26418,4
26419,7
26421,1
26422,1
26426,4
26435,3
26440,1
26445,3
26446,2
26451,4
26452,1
26454,2
26455,4
26456,1
26463,2
26473,1
26480,1
26483,3
26485,1
26488,1
26489,5
26494,1
26496,7
26497,2
26503,5
26512,3
26516,6
26517,2
26520,1
26523,1
26530,4
26531,11
26536,1
26544,1
26547,1
26550,6
26551,5
26554,6
26555,4
26556,1
26557,1
26559,1
26561,3
26567,5
26569,3
26570,1
26573,1
26579,6
26582,3
26583,4
26585,2
26586,2
26588,4
26590,1
26592,2
26599,1
26600,8
26604,4
26606,2
26610,4
26614,1
26615,1
26618,4
26619,1
26630,8
26635,4
26639,3
26649,1
26652,2
26662,2
26664,1
26669,4
26679,7
26696,4
26700,3
26708,2
26711,1
26721,2
26731,6
26735,1
26737,3
26739,9
26744,3
26749,1
26758,4
26762,4
26763,1
26764,2
26768,1
26770,4
26772,1
26778,9
26780,1
26786,3
26787,1
26790,1
26803,1
26808,2
26810,7
26811,3
26814,1
26818,1
26822,10
26823,4
26825,1
26829,17
26831,8
26833,7
26835,2
26842,5
26849,5
26855,7
26857,1
26861,8
26862,1
26864,2
26866,9
26869,1
26875,2
26876,6
26877,8
26878,2
26884,5
26886,5
26890,3
26896,2
26899,6
26913,4
26922,2
26924,3
26926,5
26930,6
26932,2
26937,1
26940,1
26944,1
26945,7
26951,3
26953,3
26959,6
26968,1
26969,8
26974,6
26993,2
27000,5
27006,3
27012,1
27020,1
27028,8
27029,2
27030,1
27035,1
27039,1
27043,1
27052,3
27055,1
27058,1
27060,4
27068,1
27070,10
27072,4
27077,3
27080,1
27084,3
27087,2
27090,13
27092,1
27095,1
27097,4
27100,3
27104,1
27107,5
27110,1
27121,1
27123,2
27125,1
27128,2
27132,4
27138,1
27142,4
27146,4
27149,3
27151,1
27163,3
27165,3
27174,1
27178,1
27179,2
27180,4
27185,1
27198,1
27199,2
27203,1
27204,5
27213,2
27216,1
27224,4
27227,7
27244,1
27246,1
27247,1
27249,1
27253,11
27254,4
27260,1
27285,8
27286,7
27292,1
27293,6
27296,1
27299,2
27305,5
27311,2
27312,5
27317,4
27322,6
27323,7
27327,1
27338,1
27348,1
27355,1
27361,1
27374,4
27376,1
27379,11
27381,1
27383,1
27385,1
27389,4
27390,1
27391,2
27393,6
27396,12
27397,3
27399,2
27400,4
27402,3
27410,1
27412,14
27422,2
27423,5
27432,9
27433,2
27435,1
27436,1
27439,3
27447,4
27449,7
27460,1
27464,2
27465,8
27469,1
27471,1
27476,2
27477,4
27479,3
27490,4
27494,6
27500,10
27505,8
27507,8
27509,2
27518,1
27519,1
27521,1
27524,1
27526,4
27530,1
27536,1
27537,2
27539,1
27542,11
27549,4
27550,4
27551,1
27552,2
27556,1
27561,1
27562,5
27564,4
27568,1
27573,6
27576,2
27588,1
27592,1
27593,7
27598,1
27600,1
27602,2
27603,1
27605,4
27608,1
27609,3
27611,5
27619,1
27622,3
27627,2
27631,2
27632,4
27633,1
27644,4
27647,3
27664,1
27666,2
27669,2
27674,1
27675,1
27676,1
27677,1
27679,3
27682,3
27683,3
27685,1
27696,4
27697,2
27702,9
27704,1
27707,3
27708,1
27714,1
27715,6
27716,1
27718,1
27720,4
27722,1
27723,4
27724,4
27725,1
27726,4
27729,8
27730,1
27742,1
27745,4
27748,1
27752,3
27755,1
27756,3
27759,5
27764,4
27783,6
27784,3
27787,1
27789,1
27791,2
27821,2
27822,5
27823,1
27829,1
27834,2
27836,5
27837,8
27841,5
27849,7
27861,2
27862,5
27864,1
27867,1
27874,1
27876,6
27881,1
27882,9
27883,3
27885,2
27888,1
27889,4
27893,4
27894,1
27910,3
27913,1
27916,1
27917,8
27922,2
27924,1
27926,1
27927,1
27932,4
27940,6
27943,2
27948,3
27954,3
27963,5
27965,1
27967,7
27971,4
27973,1
27976,1
27981,1
27986,4
27988,1
27993,1
27997,1
28003,3
28015,1
28018,1
28023,3
28030,15
28039,1
28040,2
28042,2
28049,3
28050,2
28053,7
28054,3
28058,2
28059,2
28062,1
28069,3
28075,1
28077,4
28080,5
28081,4
28082,2
28085,5
28087,1
28100,5
28106,6
28110,2
28111,4
28125,2
28128,6
28134,1
28145,5
28152,14
28157,1
28160,3
28164,1
28167,8
28168,3
28171,1
28173,5
28179,1
28181,6
28186,1
28189,2
28191,2
28193,3
28197,3
28204,1
28206,3
28213,3
28223,12
28227,4
28230,1
28231,1
28233,3
28234,2
28235,9
28246,2
28250,1
28251,2
28258,1
28262,3
28273,12
28274,7
28275,1
28277,3
28286,1
28297,1
28305,5
28314,1
28323,1
28326,4
28332,1
28334,4
28335,3
28340,2
28342,1
28347,2
28348,1
28349,1
28363,2
28371,1
28374,1
28376,1
28379,5
28385,5
28389,1
28390,10
28396,2
28400,8
28403,1
28407,1
28408,4
28413,1
28414,4
28420,2
28423,1
28424,2
28425,2
28427,1
28433,4
28440,2
28446,1
28449,2
28452,8
28455,1
28459,3
28464,10
28470,5
28471,2
28473,4
28477,4
28482,1
28485,5
28487,1
28488,3
28491,6
28496,6
28499,1
28509,2
28513,4
28514,1
28522,2
28527,8
28531,1
28533,6
28535,2
28537,6
28539,1
28540,2
28542,4
28544,4
28545,6
28547,1
28550,1
28552,4
28558,1
28559,5
28562,5
28568,4
28569,1
28574,3
28575,1
28576,1
28584,2
28596,1
28601,5
28602,1
28614,6
28615,1
28617,1
28625,1
28626,2
28631,2
28632,7
28633,2
28635,6
28638,1
28641,1
28642,1
28643,5
28644,1
28647,1
28661,4
28662,3
28682,1
28683,7
28684,1
28688,2
28692,3
28698,9
28704,3
28709,1
28710,1
28716,1
28720,5
28726,1
28739,1
28741,5
28747,1
28752,6
28753,1
28763,1
28764,1
28765,3
28773,1
28779,1
28782,1
28790,1
28791,1
28793,1
28794,1
28799,1
28808,5
28832,1
28837,3
28839,1
28846,1
28857,1
28859,1
28862,4
28869,7
28870,1
28871,5
28879,4
28881,1
28882,4
28884,1
28887,1
28888,4
28889,4
28892,8
28896,1
28902,1
28913,1
28914,8
28918,4
28925,1
28928,1
28930,1
28938,1
28939,1
28940,1
28944,1
28949,1
28951,1
28952,2
28958,2
28961,1
28962,3
28968,2
28976,1
28978,1
28980,1
28982,3
28984,1
28989,1
28990,1
28993,4
29005,1
29007,1
29008,5
29012,1
29014,1
29015,1
29016,1
29029,1
29033,1
29034,2
29037,1
29047,7
29048,5
29056,1
29067,1
29068,1
29069,1
29078,3
29081,1
29082,3
29084,1
29087,2
29089,1
29095,2
29096,5
29099,7
29101,1
29102,1
29105,5
29111,1
29116,3
29117,1
29119,1
29125,1
29126,1
29130,2
29148,7
29149,3
29152,1
29162,4
29171,2
29180,3
29181,3
29182,1
29184,1
29185,7
29190,4
29191,1
29192,4
29194,5
29195,1
29196,3
29198,5
29199,1
29205,2
29206,2
29207,1
29209,1
29223,1
29224,6
29225,9
29226,6
29227,1
29228,1
29232,2
29234,5
29239,3
29240,11
29242,4
29243,5
29244,1
29248,3
29249,7
29250,3
29251,6
29254,5
29255,1
29268,3
29270,1
29274,1
29277,4
29279,6
29280,6
29286,4
29290,6
29291,6
29293,2
29301,3
29302,1
29303,3
29305,4
29317,4
29325,1
29328,1
29330,1
29337,10
29338,1
29340,2
29344,2
29347,2
29348,6
29353,1
29365,4
29367,4
29371,1
29375,1
29376,1
29378,4
29381,5
29382,1
29387,1
29401,4
29405,6
29410,4
29412,7
29416,5
29418,1
29422,4
29425,4
29432,7
29434,6
29445,10
29446,2
29448,5
29449,8
29450,8
29451,1
29454,3
29457,1
29458,5
29462,1
29464,1
29472,3
29475,1
29489,1
29492,1
29493,2
29496,5
29502,12
29507,5
29508,1
29515,4
29518,1
29519,2
29521,1
29522,1
29523,1
29524,1
29538,1
29539,2
29540,5
29542,3
29546,1
29550,6
29552,1
29563,1
29565,2
29574,1
29577,4
29583,4
29586,3
29591,2
29594,1
29595,1
29596,1
29597,9
29598,3
29602,1
29609,4
29610,3
29613,3
29614,1
29620,3
29622,5
29625,1
29626,8
29634,1
29642,5
29645,1
29650,1
29657,5
29658,1
29659,1
29664,3
29669,2
29671,1
29682,1
29686,5
29689,1
29695,3
29696,1
29697,1
29700,10
29703,4
29707,9
29709,3
29717,2
29720,1
29731,4
29735,1
29748,2
29749,1
29751,3
29754,1
29763,1
29766,1
29769,1
29772,1
29774,7
29777,9
29779,1
29781,4
29784,5
29785,9
29786,2
29787,2
29788,4
29791,1
29792,2
29795,3
29798,1
29803,1
29808,3
29812,1
29815,1
29816,4
29817,8
29819,3
29820,1
29821,8
29823,1
29824,6
29830,3
29832,8
29836,1
29838,7
29840,1
29843,1
29844,11
29847,1
29848,6
29850,3
29851,3
29857,1
29864,5
29867,1
29875,1
29876,8
29878,1
29879,1
29882,1
29888,1
29890,3
29896,1
29899,1
29908,1
29911,1
29918,4
29919,1
29923,8
29926,2
29929,1
29935,4
29939,3
29942,10
29943,2
29955,7
29960,3
29963,1
29971,1
29974,5
29975,9
29981,2
29986,6
29992,1
29994,6
29999,1
30007,1
30009,3
30012,2
30014,11
30015,1
30016,4
30018,5
30025,5
30030,4
30034,1
30035,4
30039,4
30041,1
30043,6
30045,5
30046,1
30055,1
30057,2
30059,1
30060,1
30065,9
30066,1
30068,1
30069,1
30072,2
30076,1
30077,6
30084,1
30085,7
30086,4
30088,3
30093,7
30094,1
30095,1
30100,1
30102,6
30104,2
30107,1
30108,4
30110,1
30111,1
30113,12
30117,1
30118,6
30136,1
30137,3
30140,5
30141,3
30143,2
30151,1
30157,1
30165,3
30166,5
30171,1
30172,1
30173,1
30180,1
30182,6
30187,1
30199,2
30200,1
30206,8
30207,4
30208,5
30209,1
30213,2
30215,1
30217,5
30218,4
30220,1
30221,4
30229,5
30234,1
30235,2
30236,1
30243,1
30251,3
30267,3
30273,5
30276,1
30277,5
30281,1
30285,1
30289,1
30291,1
30293,3
30302,3
30304,1
30306,1
30312,2
30314,6
30315,6
30316,4
30322,1
30326,1
30327,6
30331,3
30332,5
30334,3
30338,1
30348,2
30350,1
30351,1
30352,4
30353,4
30356,1
30357,1
30358,5
30361,1
30366,3
30368,2
30370,2
30372,5
30373,1
30374,1
30375,1
30376,1
30381,3
30392,6
30393,9
30401,10
30403,4
30404,1
30407,1
30409,1
30413,5
30416,4
30417,1
30421,6
30423,6
30424,5
30425,1
30429,3
30430,9
30435,4
30436,1
30439,5
30443,6
30445,4
30450,5
30451,1
30452,3
30454,4
30457,1
30458,1
30459,4
30463,2
30465,1
30467,8
30471,1
30476,6
30477,1
30478,1
30479,8
30482,1
30488,1
30496,1
30498,1
30500,1
30503,1
30505,1
30506,1
30507,4
30513,1
30516,1
30520,5
30521,3
30528,1
30529,1
30534,2
30537,2
30542,3
30544,1
30545,1
30548,3
30549,1
30560,1
30567,6
30569,1
30573,6
30574,3
30586,1
30589,5
30591,5
30595,4
30598,4
30603,4
30605,7
30616,3
30621,5
30622,3
30626,4
30627,1
30629,1
30631,5
30640,1
30645,3
30651,2
30652,1
30655,2
30661,2
30662,1
30663,1
30664,1
30666,7
30680,6
30685,1
30686,1
30690,1
30692,1
30704,1
30712,6
30720,1
30722,2
30723,3
30724,5
30726,1
30736,5
30737,1
30739,4
30741,8
30742,5
30744,1
30746,1
30747,6
30749,1
30751,1
30756,4
30757,1
30759,3
30768,8
30769,7
30771,1
30780,3
30782,4
30785,1
30790,1
30795,3
30796,1
30800,1
30803,5
30804,1
30806,1
30807,1
30808,4
30813,1
30814,4
30815,3
30817,1
30829,1
30830,1
30831,5
30839,1
30843,4
30844,1
30846,5
30848,7
30850,3
30851,1
30866,1
30871,5
30872,5
30874,1
30875,7
30877,1
30878,4
30879,1
30882,7
30885,3
30889,1
30890,1
30893,1
30895,1
30897,2
30903,1
30904,6
30909,7
30920,4
30921,3
30923,1
30925,6
30927,5
30929,2
30932,5
30946,8
30948,2
30950,1
30951,5
30954,3
30956,2
30957,1
30958,2
30960,1
30963,12
30966,1
30970,2
30971,2
30972,4
30974,2
30977,2
30978,4
30981,1
30984,5
30988,3
30995,1
30998,1
31003,1
31005,1
31006,1
31008,12
31014,5
31015,1
31017,1
31020,1
31024,1
31026,1
31028,1
31029,5
31030,1
31031,1
31045,2
31047,11
31048,3
31049,3
31052,1
31054,7
31056,2
31061,2
31065,1
31067,3
31075,3
31076,7
31081,4
31083,2
31085,1
31087,1
31095,1
31097,3
31100,3
31105,2
31112,4
31130,1
31139,15
31145,4
31148,1
31153,2
31156,2
31160,1
31168,1
31182,2
31183,1
31186,8
31188,1
31192,1
31220,1
31226,1
31229,1
31230,6
31236,1
31250,9
31251,1
31275,3
31280,1
31281,1
31285,2
31290,1
31291,4
31292,2
31301,4
31305,2
31308,1
31312,1
31321,1
31322,4
31328,3
31330,1
31334,5
31336,1
31337,2
31340,6
31345,5
31346,3
31349,2
31353,1
31354,1
31362,4
31377,1
31379,8
31380,1
31387,1
31389,1
31391,1
31409,4
31410,6
31415,2
31424,1
31433,4
31437,1
31440,2
31441,2
31453,1
31459,6
31469,6
31471,2
31477,1
31481,1
31483,1
31485,1
31487,11
31489,1
31503,1
31505,1
31506,6
31510,7
31512,2
31521,6
31524,6
31530,1
31534,5
31537,2
31539,1
31542,1
31543,2
31552,1
31553,1
31554,1
31564,1
31566,3
31567,1
31572,1
31574,1
31583,1
31585,1
31586,1
31587,4
31591,3
31592,6
31596,1
31597,3
31601,4
31603,3
31604,1
31607,2
31608,1
31628,3
31632,1
31640,2
31648,8
31659,2
31664,4
31673,1
31674,10
31680,1
31689,11
31690,6
31691,1
31695,3
31698,2
31699,2
31700,5
31704,1
31709,1
31714,1
31716,2
31717,6
31719,1
31724,1
31733,3
31743,1
31752,1
31755,5
31757,1
31760,1
31767,3
31773,1
31774,1
31775,9
31776,1
31778,10
31779,2
31790,1
31795,1
31798,1
31799,3
31800,1
31803,1
31806,13
31810,1
31817,1
31825,3
31829,1
31838,1
31839,3
31856,1
31859,1
31861,1
31862,3
31864,1
31871,4
31872,1
31876,1
31878,5
31880,5
31881,1
31882,1
31885,1
31890,1
31891,4
31894,2
31901,1
31903,10
31904,3
31908,6
31910,6
31911,2
31916,2
31925,3
31929,1
31930,9
31931,11
31935,1
31936,2
31940,4
31943,8
31945,1
31947,4
31950,3
31958,2
31965,1
31968,5
31970,4
31994,1
32001,3
32014,3
32017,1
32025,1
32030,1
32031,1
32040,1
32041,2
32043,1
32049,1
32070,1
32072,1
32078,6
32083,1
32084,1
32089,1
32090,1
32091,1
32095,1
32114,1
32118,1
32119,3
32120,4
32121,8
33119,1
33123,1
33125,7
33126,1
33127,1
33134,2
33135,3
33137,2
33141,5
33148,1
33149,1
33155,2
33157,2
33158,1
33173,1
33175,4
33178,2
33179,1
33183,5
33189,1
33191,1
33192,1
33196,1
33198,4
33199,6
33200,1
33201,1
33204,6
33208,6
33212,5
33214,1
33216,2
33217,7
33228,1
33229,1
33236,7
33239,11
33243,3
33246,1
33248,7
33251,6
33258,1
33262,3
33264,1
33266,1
33267,3
33272,1
33276,6
33283,1
33286,1
33287,4
33290,1
33292,4
33293,4
33298,3
33299,1
33303,3
33306,1
33310,1
33312,1
33314,2
33315,1
33316,3
33317,1
33336,3
33337,4
33339,1
33340,4
33344,1
33345,1
33350,1
33351,1
33354,1
33361,1
33362,3
33363,5
33364,2
33365,5
33367,7
33371,1
33380,15
33382,1
33384,1
33389,2
33390,1
33391,1
33392,1
33398,7
33400,1
33402,2
33404,1
33405,2
33406,7
33408,1
33409,6
33410,1
33411,1
33412,1
33413,5
33415,2
33420,2
33428,9
33433,1
33435,10
33447,1
33451,1
33453,5
33457,3
33459,1
33460,5
33461,1
33465,1
33470,3
33472,3
33473,2
33474,1
33481,4
33482,8
33490,4
33492,1
33498,3
33502,5
33508,6
33510,1
33513,3
33518,1
33522,1
33527,6
33528,4
33529,1
33530,1
33531,1
33533,1
33536,6
33541,4
33543,5
33548,1
33554,3
33565,3
33566,4
33570,2
33573,1
33575,1
33576,1
33578,5
33583,3
33585,4
33587,3
33588,2
33589,1
33590,2
33593,1
33599,4
33603,5
33604,3
33610,4
33612,1
33616,1
33624,3
33626,1
33631,6
33636,1
33638,1
33642,1
33643,2
33644,3
33645,1
33646,1
33652,2
33656,5
33659,1
33663,1
33664,4
33666,11
33676,1
33679,6
33684,1
33688,5
33691,1
33692,3
33695,1
33696,1
33697,1
33698,1
33702,1
33707,1
33709,3
33712,1
33717,2
33730,1
33734,2
33736,4
33737,2
33738,2
33740,1
33748,1
33757,1
33760,5
33763,2
33771,5
33774,1
33779,5
33788,4
33802,1
33807,3
33808,7
33812,1
33815,1
33816,5
33817,1
33819,3
33820,2
33824,1
33826,3
33831,7
33833,2
33835,1
33836,1
33840,1
33842,7
33843,6
33845,2
33852,1
33855,4
33856,12
33860,2
33861,2
33862,4
33865,2
33868,3
33869,5
33870,1
33873,3
33875,7
33876,1
33877,3
33882,10
33883,1
33886,1
33889,1
33895,7
33897,3
33900,3
33901,1
33903,1
33905,1
33908,1
33909,1
33912,1
33913,1
33914,1
33915,4
33916,1
33920,1
33921,1
33923,4
33928,1
33929,1
33930,1
33931,5
33933,1
33935,2
33943,7
33944,1
33945,4
33951,6
34954,1
34957,2
34960,2
34961,11
34962,1
34963,1
34964,1
34967,1
34968,8
34969,5
34970,6
34975,1
34976,2
34977,1
34978,2
34980,3
34981,3
34982,13
34983,1
34985,3
34986,4
34989,1
34991,3
34995,4
34996,1
35000,4
35006,3
35008,1
35011,4
35012,1
35018,2
35020,2
35023,1
35027,2
35030,2
35040,2
35051,3
35060,2
35068,4
35071,5
35072,3
35077,5
35078,3
35079,1
35080,8
35082,1
35096,2
35097,1
35099,3
35105,1
35107,8
35109,5
35113,1
35114,1
35115,3
35119,1
35120,1
35121,1
35123,1
35126,1
35129,1
35130,1
35137,3
35138,1
35145,1
35146,2
35148,3
35149,2
35150,5
35152,1
35154,8
35159,1
35160,3
35161,1
35164,1
35170,1
35171,8
35172,2
35173,3
35178,1
35180,1
35182,5
35184,1
35186,1
35187,1
35188,1
35190,2
35191,5
35192,1
35193,15
35195,1
35196,2
35197,8
35205,1
35210,1
35211,1
35213,1
35215,1
35217,1
35219,2
35220,3
35227,4
35228,1
35232,1
35233,2
35235,6
35237,1
35240,2
35244,2
35246,1
35256,1
35258,1
35265,1
35273,1
35277,9
35279,1
35284,5
35289,10
35293,1
35300,1
35303,2
35304,6
35305,1
35310,1
35311,1
35313,1
35320,1
35328,3
35330,2
35332,1
35343,2
35348,4
35366,1
35368,3
35375,3
35378,4
35379,8
35384,5
35387,4
35391,3
35393,8
35396,8
35401,1
35402,1
35405,2
35425,3
35431,3
35432,1
35435,1
35452,1
35453,1
35454,6
35455,4
35456,3
35458,3
35460,3
35462,2
35467,4
35468,3
35469,5
35471,7
35472,1
35474,6
35475,4
35484,4
35485,1
35490,4
35500,5
35502,1
35509,1
35510,1
35511,1
35514,1
35516,1
35519,1
35521,3
35523,6
35526,2
35528,4
35532,2
35539,1
35547,1
35550,1
35551,1
35558,14
35559,5
35562,1
35565,9
35566,1
35567,1
35570,1
35574,1
35577,3
35581,1
35583,1
35584,1
35586,6
35587,1
35588,4
35591,1
35593,1
35594,1
35595,2
35596,7
35598,3
35602,5
35603,1
35604,7
35605,18
35606,3
35607,1
35608,5
35609,1
35610,1
35611,3
35612,1
35615,1
35617,1
35618,1
35622,1
35623,5
35624,1
35626,4
35627,1
35628,4
35630,1
35633,1
35637,3
35638,1
35642,7
35643,1
35648,1
35652,1
35654,3
35656,7
35660,3
35662,1
35663,3
35664,1
35672,1
35674,1
35677,3
35679,1
35684,1
35685,1
35687,1
35688,1
35693,1
35698,7
35704,1
35705,4
35706,1
35710,1
35713,4
35715,6
35716,1
35717,8
35722,1
35723,4
35728,5
35740,2
35745,6
35749,1
35752,1
35757,1
35765,1
35766,1
35770,1
35772,2
35774,3
35778,3
35784,1
35786,5
35791,1
35792,1
35794,1
35795,1
35798,2
35801,7
35805,1
35809,1
35810,1
35811,5
35813,1
35814,2
35815,3
35818,1
35819,1
35823,1
35824,1
35825,1
35830,1
35835,5
35838,1
35840,1
35847,5
35853,1
35855,4
35858,1
35863,6
35871,4
35873,2
35874,2
35875,2
35876,3
35877,2
35879,3
35882,8
35887,1
35892,1
35896,8
35898,3
35900,1
35904,2
35906,6
35909,1
35911,5
35918,1
35920,1
35921,1
35924,1
35925,10
35929,3
35931,1
35941,1
35943,3
35945,2
35949,7
35950,4
35951,1
35952,1
35955,1
35956,3
35959,1
35960,4
35963,1
35966,1
35969,1
35972,1
35975,1
35976,1
35979,3
35981,1
35987,6
35988,1
35989,8
35994,1
35995,1
35999,2
36001,3
36005,1
36006,2
36014,1
36019,1
36020,4
36022,1
36027,1
36030,1
36035,2
36041,1
36045,1
36046,1
36054,7
36057,1
36060,1
36061,4
36063,6
36065,1
36069,7
36073,1
36080,1
36082,1
36085,3
36086,1
36093,4
36098,1
36100,1
36102,1
36103,3
36106,1
36117,2
36118,4
36121,4
36122,3
36124,1
36134,1
36135,4
36136,10
36137,1
36141,1
36147,4
36148,2
36150,4
36153,2
36154,3
36158,5
36165,3
36168,3
36171,1
36174,3
36176,2
36177,1
36184,5
36185,1
36188,2
36190,3
36191,1
36192,3
36194,5
36196,4
36202,3
36203,1
36208,1
36209,2
36213,1
36215,1
36216,2
36217,1
36221,2
36223,1
36234,1
36235,3
36238,4
36239,1
36243,7
36244,1
36248,1
36252,5
36259,1
36260,3
36262,1
36263,1
36272,1
36275,7
36277,1
36278,8
36286,1
36292,2
36293,1
36294,1
36300,1
36306,2
36313,5
36315,1
36316,3
36325,2
36331,3
36333,1
36338,3
36340,10
36341,1
36342,1
36344,8
36345,1
36348,4
36350,1
36353,2
36359,10
36363,3
36364,1
36368,8
36373,1
36377,3
36386,3
36389,1
36393,2
36400,3
36401,3
36405,5
36408,2
36413,8
36414,5
36420,6
36429,1
36434,1
36440,9
36444,1
36452,5
36455,2
36458,1
36460,3
36468,5
36470,5
36475,3
36483,14
36484,1
36492,5
36496,3
36501,1
36514,1
36519,2
36523,4
36525,7
36526,1
36527,1
36530,1
36533,6
36534,1
36537,1
36538,7
36540,1
36542,4
36543,1
36545,4
36549,7
36553,2
36554,1
36556,6
36562,6
36563,6
36564,8
36565,2
36566,2
36567,1
36570,5
36574,1
36575,2
36576,2
36580,1
36581,1
36585,1
36588,1
36593,1
36594,1
36597,3
36598,1
36600,1
36612,1
36613,1
36620,1
36621,3
36623,1
36630,4
36640,2
36641,3
36642,3
36644,3
36646,2
36648,3
36655,1
36656,1
36657,3
36663,1
36666,1
36669,1
36670,1
36671,2
36672,1
36679,1
36682,11
36683,8
36686,1
36687,5
36689,1
36691,1
36692,3
36693,1
36694,1
36703,8
36708,3
36709,1
36716,1
36720,1
36721,3
36725,5
36733,1
36734,1
36737,4
36739,3
36744,1
36745,4
36749,1
36752,2
36753,1
36762,5
36763,4
36764,1
36770,13
36771,1
36772,2
36773,1
36775,10
36778,10
36780,8
36782,2
36783,1
36787,1
36789,4
36793,1
36796,1
36797,1
36798,1
36799,2
36807,2
36808,2
36809,3
36811,1
36814,1
36816,1
36817,5
36819,1
36820,1
36821,3
36823,3
36825,1
36828,1
36831,1
36832,7
36833,1
36836,2
36837,12
36838,10
36841,1
36842,1
36843,6
36847,1
36849,1
36851,1
36853,14
36857,1
36860,9
36861,4
36862,3
36863,1
36864,10
36865,1
36872,4
36874,1
36876,6
36878,4
36880,1
36886,1
36887,1
36888,1
36889,1
36891,1
36893,4
36894,1
36900,1
36906,4
36910,1
36912,1
36915,1
36917,1
36918,5
36919,4
36924,3
36926,6
36928,1
36931,1
36934,1
36938,2
36940,1
36942,5
36946,2
36947,2
36948,2
36956,7
36957,2
36969,2
36971,3
36973,1
36975,2
36977,1
36978,1
36979,9
36980,1
36981,3
36984,2
36990,1
36996,2
37000,5
37001,3
37005,1
37006,1
37007,3
37011,7
37013,1
37015,6
37018,6
37020,4
37031,1
37033,4
37036,1
37038,8
37043,3
37046,5
37047,2
37049,1
37054,3
37056,1
37060,9
37063,1
37065,1
37066,1
37073,1
37074,1
37098,2
37101,3
37135,3
37137,3
37138,1
37140,4
37141,1
37145,3
37148,1
37152,1
37156,3
37159,1
37161,1
37170,1
37171,6
37172,1
37178,3
37185,1
37187,1
37188,1
37189,1
37191,1
37193,1
37194,1
37208,1
37210,15
37211,10
37214,1
37217,1
37225,4
37227,6
37232,3
37233,6
37239,1
37240,12
37241,8
37244,2
37245,1
37246,3
37249,2
37257,5
37258,8
37261,1
37264,1
37265,5
37267,1
37270,1
37271,6
37272,1
37275,1
37276,2
37280,1
37283,1
37284,1
37289,1
37290,3
37292,1
37293,1
37296,5
37299,1
37302,1
37303,5
37306,2
37310,3
37311,1
37313,1
37318,1
37321,1
37333,2
37343,1
37345,1
37351,4
37358,1
37359,6
37360,3
37365,1
37368,5
37369,4
37371,1
37372,11
37373,2
37375,2
37377,1
37392,1
37402,5
37413,1
37414,1
37421,3
37425,1
37432,1
37437,1
37438,1
37442,1
37448,1
37460,1
37462,3
37464,5
37469,5
37470,5
37471,6
37474,1
37478,10
37479,3
37480,3
37483,2
37484,1
37487,1
37490,6
37500,3
37505,7
37511,1
37514,4
37515,8
37516,1
37518,2
37522,4
37528,1
37529,1
37530,1
37531,3
37534,8
37535,1
37541,10
37550,6
37555,1
37557,3
37559,6
37563,4
37564,1
37566,1
37567,2
37569,1
37570,1
37572,5
37575,7
37582,7
37589,1
37591,1
37594,7
37595,12
37596,4
37597,5
37599,3
37600,3
37602,4
37603,1
37604,1
37605,1
37606,1
37608,2
37614,1
37616,4
37619,4
37627,1
37628,2
37633,3
37635,2
37641,1
37643,4
37644,1
37647,1
37648,8
37651,1
37653,4
37655,9
37656,6
37657,2
37658,1
37659,1
37660,1
37673,2
37676,1
37677,1
37679,2
37683,1
37685,3
37686,3
37689,2
37690,5
37692,1
37701,2
37703,6
37707,1
37712,5
37714,2
37717,2
37722,2
37723,1
37727,2
37731,2
37732,1
37734,1
37736,4
37737,2
37739,3
37740,8
37741,1
37743,1
37744,3
37746,4
37751,1
37758,1
37761,4
37785,6
37793,1
37795,1
37796,1
37799,1
37801,4
37803,4
37811,3
37812,4
37813,5
37814,2
37815,1
37822,3
37823,1
37826,5
37834,2
37837,3
37841,1
37846,4
37848,1
37853,7
37854,1
37856,1
37872,5
37883,1
37884,2
37887,2
37891,2
37894,1
37901,7
37904,1
37912,1
37913,3
37917,1
37921,1
37923,1
37925,3
37926,5
37929,2
37930,6
37933,2
37934,1
37942,5
37948,3
37951,7
37955,3
37958,3
37959,1
37962,3
37967,4
37976,2
37977,13
37979,7
37980,2
37982,1
37984,1
37988,1
37992,3
37993,14
37994,3
37995,1
37997,1
38003,1
38007,1
38008,1
38015,2
38018,1
38028,1
38029,6
38030,1
38032,1
38036,4
38039,1
38048,4
38050,1
38053,13
38059,1
38060,2
38065,2
38067,10
38072,9
38076,1
38081,1
38083,3
38092,1
38096,1
38097,1
38098,5
38101,5
38104,1
38109,1
38111,4
38112,1
38114,1
38117,1
38122,1
38127,8
38128,1
38129,1
38130,1
38131,10
38132,4
38133,5
38137,1
38139,1
38140,3
38142,2
38145,1
38149,3
38152,2
38157,1
38158,1
38165,1
38166,5
38169,6
38172,1
38177,4
38179,1
38180,8
38181,5
38182,1
38186,2
38188,2
38189,2
38191,5
38195,7
38196,4
38198,1
38199,2
38201,1
38213,6
38214,3
38215,3
38216,3
38217,1
38218,1
38224,1
38225,5
38226,8
38228,3
38229,6
38231,2
38235,1
38237,1
38239,1
38253,1
38257,3
38259,5
38260,1
38262,3
38267,4
38275,1
38276,1
38280,1
38282,1
38283,4
38284,3
38286,3
38291,5
38295,4
38297,2
38298,7
38301,2
38308,1
38309,5
38314,6
38315,1
38318,11
38325,1
38330,5
38331,4
39339,12
39347,1
39348,9
39353,3
39359,3
39364,5
39366,1
39371,6
39377,1
39379,6
39380,12
39382,4
39385,4
39387,4
39388,2
39389,1
39394,1
39398,1
39406,3
39409,1
39416,3
39417,3
39419,2
39421,1
39422,1
39425,6
39426,1
39430,2
39431,3
39432,1
39433,4
39434,1
39437,2
39438,1
39445,5
39446,1
39448,5
39452,1
39454,1
39462,6
39464,2
39465,2
39466,1
39469,1
39471,1
39473,1
39474,1
39477,1
39482,2
39483,1
39490,2
39492,2
39493,1
39497,5
39498,2
39500,4
39503,1
39505,1
39508,2
39509,1
39511,1
39512,5
39513,1
39516,6
39520,5
39525,7
39527,4
39532,1
39533,1
39537,6
39540,4
39541,3
39544,6
39545,4
39546,4
39547,3
39548,2
39549,1
39550,6
39551,8
39558,6
39559,2
39561,1
39562,1
39563,1
39567,1
39570,2
39571,4
39573,5
39574,6
39576,3
39577,1
39578,1
39581,1
39584,1
39585,4
39586,1
39589,1
39590,2
39591,3
39592,1
39593,9
39596,1
39597,1
39598,4
39599,1
39600,10
39601,3
39602,7
39603,1
39609,4
39614,1
39621,1
39626,1
39636,2
39640,3
39641,3
39649,2
39651,1
39652,10
39662,1
39663,4
39664,1
39665,6
39670,1
39672,1
39690,5
39693,4
39694,1
39701,6
39703,1
39705,3
39707,3
39709,5
39710,1
39713,3
39714,6
39717,7
39720,3
39722,4
39723,15
39724,1
39726,1
39727,3
39729,1
39730,8
39732,3
39733,1
39748,1
39749,1
39751,6
39754,2
39759,4
39763,2
39768,4
39775,1
39781,3
39786,9
39787,1
39789,6
39790,5
39792,5
39795,1
39796,4
39806,1
39812,1
39819,8
39821,8
39824,5
39825,1
39827,3
39829,3
39830,3
39831,1
39834,4
39835,1
39836,11
39837,1
39841,3
39844,3
39845,1
39848,1
39849,1
39850,3
39854,10
39864,1
39867,1
39868,3
39877,1
39878,1
39888,1
39889,2
39897,6
39898,3
39900,11
39901,1
39902,7
39903,2
39905,4
39909,1
39911,1
39914,3
39921,3
39930,3
39932,1
39935,1
39937,4
39939,1
39941,6
39943,1
39944,5
39949,3
39960,1
39975,2
39981,1
39983,6
39984,9
39986,2
39989,3
39993,1
39996,15
39997,1
39998,1
40000,2
40001,1
40004,4
40006,3
40007,3
40008,2
40009,2
40010,1
40025,1
40027,4
40030,1
40031,5
40036,3
40039,6
40040,1
40042,1
40043,5
41402,4
41481,1
43028,1
43756,2
44815,4
44819,3
44821,3
44823,3
44824,1
44828,4
44831,1
44833,5
44835,10
44838,1
44839,3
44840,3
44841,4
44842,4
44846,4
44847,5
44849,4
44850,5
44851,5
44852,1
44854,3
44855,2
44856,3
44858,4
44863,1
44864,3
44873,3
44876,4
44879,1
44881,3
44882,6
44883,12
44884,3
44885,5
44889,5
44890,5
44892,3
44895,1
44896,3
44897,5
44900,3
44902,3
44904,1
44912,1
44913,1
44914,3
44916,3
44919,1
44920,3
44921,1
44922,1
44923,3
44925,2
44928,2
44929,2
